0 verbose cli D:\Program Files\nodejs\node.exe C:\Users\Administrator\AppData\Roaming\npm\node_modules\npm\bin\npm-cli.js
1 info using npm@9.1.1
2 info using node@v22.15.0
3 timing npm:load:whichnode Completed in 1ms
4 timing config:load:defaults Completed in 1ms
5 timing config:load:file:C:\Users\Administrator\AppData\Roaming\npm\node_modules\npm\npmrc Completed in 3ms
6 timing config:load:builtin Completed in 4ms
7 timing config:load:cli Completed in 2ms
8 timing config:load:env Completed in 0ms
9 timing config:load:file:E:\opensource\insurance-crm\.npmrc Completed in 0ms
10 timing config:load:project Completed in 4ms
11 timing config:load:file:C:\Users\Administrator\.npmrc Completed in 1ms
12 timing config:load:user Completed in 1ms
13 timing config:load:file:C:\Users\Administrator\AppData\Roaming\npm\etc\npmrc Completed in 1ms
14 timing config:load:global Completed in 1ms
15 timing config:load:setEnvs Completed in 2ms
16 timing config:load Completed in 16ms
17 timing npm:load:configload Completed in 16ms
18 timing npm:load:mkdirpcache Completed in 0ms
19 timing npm:load:mkdirplogs Completed in 1ms
20 verbose title npm install eas-cli
21 verbose argv "install" "--save-dev" "eas-cli" "--cache" ".npm-cache"
22 timing npm:load:setTitle Completed in 1ms
23 timing config:load:flatten Completed in 2ms
24 timing npm:load:display Completed in 2ms
25 verbose logfile logs-max:10 dir:E:\opensource\insurance-crm\.npm-cache\_logs\2026-05-13T17_23_36_403Z-
26 verbose logfile E:\opensource\insurance-crm\.npm-cache\_logs\2026-05-13T17_23_36_403Z-debug-0.log
27 timing npm:load:logFile Completed in 9ms
28 timing npm:load:timers Completed in 0ms
29 timing npm:load:configScope Completed in 0ms
30 timing npm:load Completed in 31ms
31 silly logfile done cleaning log files
32 timing config:load:flatten Completed in 0ms
33 timing arborist:ctor Completed in 1ms
34 timing idealTree:init Completed in 292ms
35 timing idealTree:userRequests Completed in 2ms
36 silly idealTree buildDeps
37 silly fetch manifest eas-cli@*
38 timing arborist:ctor Completed in 0ms
39 http fetch GET 200 https://registry.npmjs.org/eas-cli 270ms (cache hit)
40 silly placeDep ROOT eas-cli@18.12.3 OK for: insurance-crm@1.0.0 want: *
41 silly fetch manifest ajv@8.11.0
42 silly fetch manifest joi@17.11.0
43 silly fetch manifest ora@5.1.0
44 silly fetch manifest tar@7.5.7
45 silly fetch manifest zod@^4.1.3
46 silly fetch manifest diff@7.0.0
47 silly fetch manifest mime@3.0.0
48 silly fetch manifest uuid@9.0.1
49 silly fetch manifest yaml@2.6.0
50 silly fetch manifest pngjs@7.0.0
51 silly fetch manifest tslib@2.6.2
52 silly fetch manifest dotenv@16.3.1
53 silly fetch manifest getenv@1.0.0
54 silly fetch manifest ignore@5.3.0
55 silly fetch manifest jks-js@1.1.0
56 silly fetch manifest nanoid@3.3.8
57 silly fetch manifest semver@7.5.4
58 silly fetch manifest envinfo@7.11.0
59 silly fetch manifest figures@3.2.0
60 silly fetch manifest graphql@16.8.1
61 silly fetch manifest pkg-dir@4.2.0
62 silly fetch manifest fs-extra@11.2.0
63 silly fetch manifest keychain@1.5.0
64 silly fetch manifest minizlib@3.0.1
65 silly fetch manifest turndown@7.1.2
66 silly fetch manifest @expo/env@^1.0.0
67 silly fetch manifest env-paths@2.2.0
68 silly fetch manifest fast-glob@3.3.2
69 silly fetch manifest form-data@^4.0.4
70 silly fetch manifest minimatch@5.1.2
71 silly fetch manifest untildify@4.0.0
72 silly fetch manifest @urql/core@4.0.11
73 silly fetch manifest dateformat@4.6.3
74 silly fetch manifest node-fetch@2.6.7
75 silly fetch manifest node-forge@1.3.1
76 silly fetch manifest tar-stream@3.1.7
77 silly fetch manifest @expo/plist@0.2.0
78 silly fetch manifest @expo/steps@18.12.0
79 silly fetch manifest @oclif/core@^4.8.3
80 silly fetch manifest ajv-formats@2.1.1
81 silly fetch manifest graphql-tag@2.12.6
82 silly fetch manifest log-symbols@4.1.0
83 silly fetch manifest @expo/config@55.0.10
84 silly fetch manifest @expo/logger@18.5.0
85 silly fetch manifest @expo/pkcs12@0.1.3
86 silly fetch manifest @sentry/node@7.77.0
87 silly fetch manifest cli-progress@3.12.0
88 silly fetch manifest gradle-to-js@2.0.1
89 silly fetch manifest ts-deepmerge@6.2.0
90 silly fetch manifest @expo/results@1.0.0
91 silly fetch manifest indent-string@4.0.0
92 silly fetch manifest promise-limit@2.7.0
93 silly fetch manifest promise-retry@2.0.1
94 silly fetch manifest @expo/eas-json@18.12.0
95 silly fetch manifest @expo/json-file@8.3.3
96 silly fetch manifest @expo/osascript@2.1.4
97 silly fetch manifest node-stream-zip@1.15.0
98 silly fetch manifest qrcode-terminal@0.12.0
99 silly fetch manifest @expo/timeago.js@1.0.0
100 silly fetch manifest @expo/apple-utils@2.1.19
101 silly fetch manifest @expo/plugin-help@5.1.23
102 silly fetch manifest https-proxy-agent@5.0.1
103 silly fetch manifest set-interval-async@3.0.3
104 silly fetch manifest @expo/eas-build-job@18.12.0
105 silly fetch manifest @expo/config-plugins@55.0.7
106 silly fetch manifest @urql/exchange-retry@1.2.0
107 silly fetch manifest @expo/package-manager@1.9.10
108 silly fetch manifest @expo/prebuild-config@8.0.17
109 silly fetch manifest @expo/rudder-sdk-node@1.1.1
110 silly fetch manifest @segment/ajv-human-errors@^2.1.2
111 silly fetch manifest @oclif/plugin-autocomplete@^3.2.40
112 silly fetch manifest @expo/multipart-body-parser@2.0.0
113 silly fetch manifest @expo/code-signing-certificates@0.0.5
114 silly fetch manifest @expo/plugin-warn-if-update-available@2.5.1
115 http fetch GET 200 https://registry.npmjs.org/ora 122ms (cache hit)
116 http fetch GET 200 https://registry.npmjs.org/joi 124ms (cache hit)
117 http fetch GET 200 https://registry.npmjs.org/mime 125ms (cache hit)
118 http fetch GET 200 https://registry.npmjs.org/tar 126ms (cache hit)
119 http fetch GET 200 https://registry.npmjs.org/pngjs 128ms (cache hit)
120 http fetch GET 200 https://registry.npmjs.org/uuid 129ms (cache hit)
121 http fetch GET 200 https://registry.npmjs.org/ajv 134ms (cache hit)
122 http fetch GET 200 https://registry.npmjs.org/tslib 138ms (cache hit)
123 http fetch GET 200 https://registry.npmjs.org/yaml 141ms (cache hit)
124 http fetch GET 200 https://registry.npmjs.org/dotenv 143ms (cache hit)
125 http fetch GET 200 https://registry.npmjs.org/diff 147ms (cache hit)
126 http fetch GET 200 https://registry.npmjs.org/ignore 147ms (cache hit)
127 http fetch GET 200 https://registry.npmjs.org/getenv 149ms (cache hit)
128 http fetch GET 200 https://registry.npmjs.org/jks-js 148ms (cache hit)
129 http fetch GET 200 https://registry.npmjs.org/semver 149ms (cache hit)
130 http fetch GET 200 https://registry.npmjs.org/zod 154ms (cache hit)
131 http fetch GET 200 https://registry.npmjs.org/figures 155ms (cache hit)
132 http fetch GET 200 https://registry.npmjs.org/envinfo 156ms (cache hit)
133 http fetch GET 200 https://registry.npmjs.org/minizlib 156ms (cache hit)
134 http fetch GET 200 https://registry.npmjs.org/fs-extra 157ms (cache hit)
135 http fetch GET 200 https://registry.npmjs.org/pkg-dir 157ms (cache hit)
136 http fetch GET 200 https://registry.npmjs.org/keychain 158ms (cache hit)
137 http fetch GET 200 https://registry.npmjs.org/turndown 157ms (cache hit)
138 http fetch GET 200 https://registry.npmjs.org/nanoid 161ms (cache hit)
139 http fetch GET 200 https://registry.npmjs.org/fast-glob 159ms (cache hit)
140 http fetch GET 200 https://registry.npmjs.org/@expo%2fenv 160ms (cache hit)
141 http fetch GET 200 https://registry.npmjs.org/graphql 166ms (cache hit)
142 http fetch GET 200 https://registry.npmjs.org/untildify 167ms (cache hit)
143 http fetch GET 200 https://registry.npmjs.org/minimatch 168ms (cache hit)
144 http fetch GET 200 https://registry.npmjs.org/env-paths 169ms (cache hit)
145 http fetch GET 200 https://registry.npmjs.org/node-forge 169ms (cache hit)
146 http fetch GET 200 https://registry.npmjs.org/dateformat 173ms (cache hit)
147 http fetch GET 200 https://registry.npmjs.org/form-data 174ms (cache hit)
148 http fetch GET 200 https://registry.npmjs.org/@expo%2fsteps 174ms (cache hit)
149 http fetch GET 200 https://registry.npmjs.org/tar-stream 175ms (cache hit)
150 http fetch GET 200 https://registry.npmjs.org/@expo%2fplist 176ms (cache hit)
151 http fetch GET 200 https://registry.npmjs.org/log-symbols 176ms (cache hit)
152 http fetch GET 200 https://registry.npmjs.org/cli-progress 175ms (cache hit)
153 http fetch GET 200 https://registry.npmjs.org/node-fetch 178ms (cache hit)
154 http fetch GET 200 https://registry.npmjs.org/@urql%2fcore 181ms (cache hit)
155 http fetch GET 200 https://registry.npmjs.org/graphql-tag 183ms (cache hit)
156 http fetch GET 200 https://registry.npmjs.org/ajv-formats 184ms (cache hit)
157 http fetch GET 200 https://registry.npmjs.org/@expo%2flogger 184ms (cache hit)
158 http fetch GET 200 https://registry.npmjs.org/@expo%2fresults 184ms (cache hit)
159 http fetch GET 200 https://registry.npmjs.org/gradle-to-js 184ms (cache hit)
160 http fetch GET 200 https://registry.npmjs.org/@expo%2fpkcs12 185ms (cache hit)
161 http fetch GET 200 https://registry.npmjs.org/indent-string 185ms (cache hit)
162 http fetch GET 200 https://registry.npmjs.org/ts-deepmerge 186ms (cache hit)
163 http fetch GET 200 https://registry.npmjs.org/qrcode-terminal 185ms (cache hit)
164 http fetch GET 200 https://registry.npmjs.org/@expo%2fjson-file 185ms (cache hit)
165 http fetch GET 200 https://registry.npmjs.org/@expo%2fconfig 189ms (cache hit)
166 http fetch GET 200 https://registry.npmjs.org/@expo%2fosascript 191ms (cache hit)
167 http fetch GET 200 https://registry.npmjs.org/@expo%2feas-json 192ms (cache hit)
168 http fetch GET 200 https://registry.npmjs.org/promise-limit 194ms (cache hit)
169 http fetch GET 200 https://registry.npmjs.org/node-stream-zip 195ms (cache hit)
170 http fetch GET 200 https://registry.npmjs.org/promise-retry 195ms (cache hit)
171 http fetch GET 200 https://registry.npmjs.org/@expo%2fapple-utils 195ms (cache hit)
172 http fetch GET 200 https://registry.npmjs.org/@expo%2ftimeago.js 196ms (cache hit)
173 http fetch GET 200 https://registry.npmjs.org/@expo%2fplugin-help 196ms (cache hit)
174 http fetch GET 200 https://registry.npmjs.org/@oclif%2fcore 201ms (cache hit)
175 http fetch GET 200 https://registry.npmjs.org/@sentry%2fnode 209ms (cache hit)
176 http fetch GET 200 https://registry.npmjs.org/set-interval-async 214ms (cache hit)
177 http fetch GET 200 https://registry.npmjs.org/@expo%2frudder-sdk-node 215ms (cache hit)
178 http fetch GET 200 https://registry.npmjs.org/@urql%2fexchange-retry 215ms (cache hit)
179 http fetch GET 200 https://registry.npmjs.org/@expo%2fconfig-plugins 217ms (cache hit)
180 http fetch GET 200 https://registry.npmjs.org/https-proxy-agent 221ms (cache hit)
181 http fetch GET 200 https://registry.npmjs.org/@expo%2feas-build-job 221ms (cache hit)
182 http fetch GET 200 https://registry.npmjs.org/@expo%2fmultipart-body-parser 221ms (cache hit)
183 http fetch GET 200 https://registry.npmjs.org/@expo%2fprebuild-config 223ms (cache hit)
184 http fetch GET 200 https://registry.npmjs.org/@expo%2fpackage-manager 226ms (cache hit)
185 http fetch GET 200 https://registry.npmjs.org/@oclif%2fplugin-autocomplete 229ms (cache hit)
186 http fetch GET 200 https://registry.npmjs.org/@segment%2fajv-human-errors 233ms (cache hit)
187 http fetch GET 200 https://registry.npmjs.org/@expo%2fcode-signing-certificates 234ms (cache hit)
188 http fetch GET 200 https://registry.npmjs.org/@expo%2fplugin-warn-if-update-available 234ms (cache hit)
189 timing idealTree:#root Completed in 540ms
190 silly fetch manifest encoding@^0.1.0
191 http fetch GET 200 https://registry.npmjs.org/encoding 7ms (cache hit)
192 silly placeDep ROOT @expo/apple-utils@2.1.19 OK for: eas-cli@18.12.3 want: 2.1.19
193 silly placeDep node_modules/eas-cli @expo/code-signing-certificates@0.0.5 OK for: eas-cli@18.12.3 want: 0.0.5
194 silly placeDep node_modules/eas-cli @expo/config@55.0.10 OK for: eas-cli@18.12.3 want: 55.0.10
195 silly placeDep node_modules/eas-cli @expo/config-plugins@55.0.7 OK for: eas-cli@18.12.3 want: 55.0.7
196 silly placeDep ROOT @expo/eas-build-job@18.12.0 OK for: eas-cli@18.12.3 want: 18.12.0
197 silly placeDep ROOT @expo/eas-json@18.12.0 OK for: eas-cli@18.12.3 want: 18.12.0
198 silly placeDep node_modules/eas-cli @expo/env@1.0.7 OK for: eas-cli@18.12.3 want: ^1.0.0
199 silly placeDep node_modules/eas-cli @expo/json-file@8.3.3 OK for: eas-cli@18.12.3 want: 8.3.3
200 silly placeDep ROOT @expo/logger@18.5.0 OK for: eas-cli@18.12.3 want: 18.5.0
201 silly placeDep ROOT @expo/multipart-body-parser@2.0.0 OK for: eas-cli@18.12.3 want: 2.0.0
202 silly placeDep node_modules/eas-cli @expo/osascript@2.1.4 OK for: eas-cli@18.12.3 want: 2.1.4
203 silly placeDep node_modules/eas-cli @expo/package-manager@1.9.10 OK for: eas-cli@18.12.3 want: 1.9.10
204 silly placeDep ROOT @expo/pkcs12@0.1.3 OK for: eas-cli@18.12.3 want: 0.1.3
205 silly placeDep node_modules/eas-cli @expo/plist@0.2.0 OK for: eas-cli@18.12.3 want: 0.2.0
206 silly placeDep ROOT @expo/plugin-help@5.1.23 OK for: eas-cli@18.12.3 want: 5.1.23
207 silly placeDep ROOT @expo/plugin-warn-if-update-available@2.5.1 OK for: eas-cli@18.12.3 want: 2.5.1
208 silly placeDep ROOT @expo/prebuild-config@8.0.17 OK for: eas-cli@18.12.3 want: 8.0.17
209 silly placeDep ROOT @expo/results@1.0.0 OK for: eas-cli@18.12.3 want: 1.0.0
210 silly placeDep ROOT @expo/rudder-sdk-node@1.1.1 OK for: eas-cli@18.12.3 want: 1.1.1
211 silly placeDep ROOT @expo/steps@18.12.0 OK for: eas-cli@18.12.3 want: 18.12.0
212 silly placeDep ROOT @expo/timeago.js@1.0.0 OK for: eas-cli@18.12.3 want: 1.0.0
213 silly placeDep ROOT @oclif/core@4.11.2 OK for: eas-cli@18.12.3 want: ^4.8.3
214 silly placeDep ROOT @oclif/plugin-autocomplete@3.2.49 OK for: eas-cli@18.12.3 want: ^3.2.40
215 silly placeDep ROOT @segment/ajv-human-errors@2.16.0 OK for: eas-cli@18.12.3 want: ^2.1.2
216 silly placeDep ROOT ajv@8.11.0 OK for: @segment/ajv-human-errors@2.16.0 want: ^8.0.0
217 silly placeDep ROOT @sentry/node@7.77.0 OK for: eas-cli@18.12.3 want: 7.77.0
218 silly placeDep node_modules/eas-cli @urql/core@4.0.11 OK for: eas-cli@18.12.3 want: 4.0.11
219 silly placeDep node_modules/eas-cli @urql/exchange-retry@1.2.0 OK for: eas-cli@18.12.3 want: 1.2.0
220 silly placeDep ROOT ajv-formats@2.1.1 OK for: eas-cli@18.12.3 want: 2.1.1
221 silly placeDep ROOT cli-progress@3.12.0 OK for: eas-cli@18.12.3 want: 3.12.0
222 silly placeDep ROOT dateformat@4.6.3 OK for: eas-cli@18.12.3 want: 4.6.3
223 silly placeDep ROOT diff@7.0.0 OK for: eas-cli@18.12.3 want: 7.0.0
224 silly placeDep node_modules/eas-cli dotenv@16.3.1 OK for: eas-cli@18.12.3 want: 16.3.1
225 silly placeDep ROOT env-paths@2.2.0 OK for: eas-cli@18.12.3 want: 2.2.0
226 silly placeDep ROOT envinfo@7.11.0 OK for: eas-cli@18.12.3 want: 7.11.0
227 silly placeDep ROOT fast-glob@3.3.2 OK for: eas-cli@18.12.3 want: 3.3.2
228 silly placeDep ROOT figures@3.2.0 OK for: eas-cli@18.12.3 want: 3.2.0
229 silly placeDep ROOT form-data@4.0.5 OK for: eas-cli@18.12.3 want: ^4.0.4
230 silly placeDep ROOT fs-extra@11.2.0 OK for: eas-cli@18.12.3 want: 11.2.0
231 silly placeDep node_modules/eas-cli getenv@1.0.0 OK for: eas-cli@18.12.3 want: 1.0.0
232 silly placeDep ROOT gradle-to-js@2.0.1 OK for: eas-cli@18.12.3 want: 2.0.1
233 silly placeDep ROOT graphql@16.8.1 OK for: eas-cli@18.12.3 want: 16.8.1
234 silly placeDep ROOT graphql-tag@2.12.6 OK for: eas-cli@18.12.3 want: 2.12.6
235 silly placeDep node_modules/eas-cli https-proxy-agent@5.0.1 OK for: eas-cli@18.12.3 want: 5.0.1
236 silly placeDep node_modules/eas-cli ignore@5.3.0 OK for: eas-cli@18.12.3 want: 5.3.0
237 silly placeDep ROOT indent-string@4.0.0 OK for: eas-cli@18.12.3 want: 4.0.0
238 silly placeDep ROOT jks-js@1.1.0 OK for: eas-cli@18.12.3 want: 1.1.0
239 silly placeDep ROOT joi@17.11.0 OK for: eas-cli@18.12.3 want: 17.11.0
240 silly placeDep ROOT keychain@1.5.0 OK for: eas-cli@18.12.3 want: 1.5.0
241 silly placeDep node_modules/eas-cli log-symbols@4.1.0 OK for: eas-cli@18.12.3 want: 4.1.0
242 silly placeDep node_modules/eas-cli mime@3.0.0 OK for: eas-cli@18.12.3 want: 3.0.0
243 silly placeDep node_modules/eas-cli minimatch@5.1.2 OK for: eas-cli@18.12.3 want: 5.1.2
244 silly placeDep node_modules/eas-cli minizlib@3.0.1 OK for: eas-cli@18.12.3 want: 3.0.1
245 silly placeDep node_modules/eas-cli nanoid@3.3.8 OK for: eas-cli@18.12.3 want: 3.3.8
246 silly placeDep node_modules/eas-cli node-fetch@2.6.7 OK for: eas-cli@18.12.3 want: 2.6.7
247 silly placeDep node_modules/eas-cli node-forge@1.3.1 OK for: eas-cli@18.12.3 want: 1.3.1
248 silly placeDep ROOT node-stream-zip@1.15.0 OK for: eas-cli@18.12.3 want: 1.15.0
249 silly placeDep node_modules/eas-cli ora@5.1.0 OK for: eas-cli@18.12.3 want: 5.1.0
250 silly placeDep ROOT pkg-dir@4.2.0 OK for: eas-cli@18.12.3 want: 4.2.0
251 silly placeDep node_modules/eas-cli pngjs@7.0.0 OK for: eas-cli@18.12.3 want: 7.0.0
252 silly placeDep ROOT promise-limit@2.7.0 OK for: eas-cli@18.12.3 want: 2.7.0
253 silly placeDep ROOT promise-retry@2.0.1 OK for: eas-cli@18.12.3 want: 2.0.1
254 silly placeDep node_modules/eas-cli qrcode-terminal@0.12.0 OK for: eas-cli@18.12.3 want: 0.12.0
255 silly placeDep node_modules/eas-cli semver@7.5.4 OK for: eas-cli@18.12.3 want: 7.5.4
256 silly placeDep ROOT set-interval-async@3.0.3 OK for: eas-cli@18.12.3 want: 3.0.3
257 silly placeDep node_modules/eas-cli tar@7.5.7 OK for: eas-cli@18.12.3 want: 7.5.7
258 silly placeDep ROOT tar-stream@3.1.7 OK for: eas-cli@18.12.3 want: 3.1.7
259 silly placeDep ROOT ts-deepmerge@6.2.0 OK for: eas-cli@18.12.3 want: 6.2.0
260 silly placeDep node_modules/eas-cli tslib@2.6.2 OK for: eas-cli@18.12.3 want: 2.6.2
261 silly placeDep ROOT turndown@7.1.2 OK for: eas-cli@18.12.3 want: 7.1.2
262 silly placeDep ROOT untildify@4.0.0 OK for: eas-cli@18.12.3 want: 4.0.0
263 silly placeDep node_modules/eas-cli uuid@9.0.1 OK for: eas-cli@18.12.3 want: 9.0.1
264 silly placeDep node_modules/eas-cli yaml@2.6.0 OK for: eas-cli@18.12.3 want: 2.6.0
265 silly placeDep ROOT zod@4.4.3 OK for: eas-cli@18.12.3 want: ^4.1.3
266 silly fetch manifest getenv@^2.0.0
267 silly fetch manifest semver@^7.6.0
268 silly fetch manifest @expo/json-file@^10.0.12
269 silly fetch manifest @expo/config-types@^55.0.5
270 silly fetch manifest @expo/require-utils@^55.0.3
271 silly fetch manifest @expo/plist@^0.5.2
272 silly fetch manifest @expo/json-file@~10.0.12
273 silly fetch manifest joi@^17.13.1
274 silly fetch manifest @babel/code-frame@7.23.5
275 silly fetch manifest env-string@1.0.1
276 silly fetch manifest golden-fleece@1.0.9
277 silly fetch manifest semver@7.5.2
278 silly fetch manifest tslib@2.4.1
279 silly fetch manifest dotenv@~16.4.5
280 silly fetch manifest @babel/code-frame@~7.10.4
281 silly fetch manifest write-file-atomic@^2.3.0
282 silly fetch manifest @types/bunyan@^1.8.11
283 silly fetch manifest bunyan@^1.8.15
284 silly fetch manifest multipasta@^0.2.5
285 silly fetch manifest exec-async@^2.2.0
286 silly fetch manifest ora@^3.4.0
287 silly fetch manifest @expo/json-file@^10.0.8
288 silly fetch manifest xmlbuilder@^14.0.0
289 silly fetch manifest @xmldom/xmldom@~0.7.7
290 silly fetch manifest @oclif/core@^2.11.1
291 silly fetch manifest ejs@^3.1.7
292 silly fetch manifest fs-extra@^10.1.0
293 silly fetch manifest http-call@^5.2.2
294 silly fetch manifest fs-extra@^9.0.0
295 silly fetch manifest @expo/config@~10.0.4
296 silly fetch manifest @expo/json-file@^9.0.0
297 silly fetch manifest @expo/image-utils@^0.6.0
298 silly fetch manifest @expo/config-types@^52.0.0
299 silly fetch manifest @expo/config-plugins@~9.0.0
300 silly fetch manifest @react-native/normalize-colors@0.76.2
301 silly fetch manifest md5@^2.2.1
302 silly fetch manifest uuid@^8.3.2
303 silly fetch manifest fetch-retry@^4.1.1
304 silly fetch manifest @expo/bunyan@^4.0.0
305 silly fetch manifest remove-trailing-slash@^0.1.0
306 silly fetch manifest @segment/loosely-validate-event@^2.0.0
307 silly fetch manifest jsep@^1.3.8
308 silly fetch manifest lodash.clonedeep@^4.5.0
309 silly fetch manifest lodash.get@^4.4.2
310 silly fetch manifest uuid@^9.0.1
311 silly fetch manifest ansis@^3.17.0
312 silly fetch manifest clean-stack@^3.0.1
313 silly fetch manifest ejs@^3.1.10
314 silly fetch manifest lilconfig@^3.1.3
315 silly fetch manifest minimatch@^10.2.5
316 silly fetch manifest semver@^7.8.0
317 silly fetch manifest supports-color@^8
318 silly fetch manifest widest-line@^3.1.0
319 silly fetch manifest wordwrap@^1.0.0
320 silly fetch manifest ansis@^3.16.0
321 silly fetch manifest uri-js@^4.2.2
322 silly fetch manifest json-schema-traverse@^1.0.0
323 silly fetch manifest @sentry/core@7.77.0
324 silly fetch manifest @sentry/types@7.77.0
325 silly fetch manifest @sentry/utils@7.77.0
326 silly fetch manifest https-proxy-agent@^5.0.0
327 silly fetch manifest @sentry-internal/tracing@7.77.0
328 silly fetch manifest merge2@^1.3.0
329 silly fetch manifest glob-parent@^5.1.2
330 silly fetch manifest @nodelib/fs.stat@^2.0.2
331 silly fetch manifest @nodelib/fs.walk@^1.2.3
332 silly fetch manifest escape-string-regexp@^1.0.5
333 silly fetch manifest asynckit@^0.4.0
334 silly fetch manifest combined-stream@^1.0.8
335 silly fetch manifest es-set-tostringtag@^2.1.0
336 silly fetch manifest jsonfile@^6.0.1
337 silly fetch manifest universalify@^2.0.0
338 silly fetch manifest lodash.merge@^4.6.2
339 silly fetch manifest agent-base@6
340 silly fetch manifest node-rsa@^1.1.1
341 silly fetch manifest @hapi/hoek@^9.0.0
342 silly fetch manifest @hapi/topo@^5.0.0
343 silly fetch manifest @sideway/address@^4.1.3
344 silly fetch manifest @sideway/formula@^3.0.1
345 silly fetch manifest @sideway/pinpoint@^2.0.0
346 silly fetch manifest is-unicode-supported@^0.1.0
347 silly fetch manifest rimraf@^5.0.5
348 silly fetch manifest cli-cursor@^3.1.0
349 silly fetch manifest mute-stream@0.0.8
350 silly fetch manifest is-interactive@^1.0.0
351 silly fetch manifest err-code@^2.0.2
352 silly fetch manifest retry@^0.12.0
353 silly fetch manifest lru-cache@^6.0.0
354 silly fetch manifest yallist@^5.0.0
355 silly fetch manifest minizlib@^3.1.0
356 silly fetch manifest b4a@^1.6.4
357 silly fetch manifest streamx@^2.15.0
358 silly fetch manifest fast-fifo@^1.2.0
359 silly fetch manifest domino@^2.1.6
360 http fetch GET 200 https://registry.npmjs.org/env-string 129ms (cache hit)
361 http fetch GET 200 https://registry.npmjs.org/golden-fleece 129ms (cache hit)
362 http fetch GET 200 https://registry.npmjs.org/@expo%2frequire-utils 130ms (cache hit)
363 http fetch GET 200 https://registry.npmjs.org/write-file-atomic 129ms (cache hit)
364 http fetch GET 200 https://registry.npmjs.org/@expo%2fconfig-types 132ms (cache hit)
365 http fetch GET 200 https://registry.npmjs.org/@babel%2fcode-frame 131ms (cache hit)
366 http fetch GET 200 https://registry.npmjs.org/@xmldom%2fxmldom 130ms (cache hit)
367 http fetch GET 200 https://registry.npmjs.org/@babel%2fcode-frame 134ms (cache hit)
368 http fetch GET 200 https://registry.npmjs.org/@types%2fbunyan 134ms (cache hit)
369 http fetch GET 200 https://registry.npmjs.org/xmlbuilder 132ms (cache hit)
370 http fetch GET 200 https://registry.npmjs.org/ejs 133ms (cache hit)
371 http fetch GET 200 https://registry.npmjs.org/multipasta 136ms (cache hit)
372 http fetch GET 200 https://registry.npmjs.org/@expo%2fbunyan 134ms (cache hit)
373 http fetch GET 200 https://registry.npmjs.org/@expo%2fconfig-types 135ms (cache hit)
374 http fetch GET 200 https://registry.npmjs.org/@segment%2floosely-validate-event 136ms (cache hit)
375 http fetch GET 200 https://registry.npmjs.org/bunyan 141ms (cache hit)
376 http fetch GET 200 https://registry.npmjs.org/remove-trailing-slash 137ms (cache hit)
377 http fetch GET 200 https://registry.npmjs.org/exec-async 141ms (cache hit)
378 http fetch GET 200 https://registry.npmjs.org/md5 138ms (cache hit)
379 http fetch GET 200 https://registry.npmjs.org/http-call 139ms (cache hit)
380 http fetch GET 200 https://registry.npmjs.org/@expo%2fimage-utils 140ms (cache hit)
381 http fetch GET 200 https://registry.npmjs.org/jsep 141ms (cache hit)
382 http fetch GET 200 https://registry.npmjs.org/fetch-retry 142ms (cache hit)
383 http fetch GET 200 https://registry.npmjs.org/lodash.clonedeep 143ms (cache hit)
384 http fetch GET 200 https://registry.npmjs.org/lilconfig 142ms (cache hit)
385 http fetch GET 200 https://registry.npmjs.org/clean-stack 142ms (cache hit)
386 http fetch GET 200 https://registry.npmjs.org/ejs 143ms (cache hit)
387 http fetch GET 200 https://registry.npmjs.org/lodash.get 144ms (cache hit)
388 http fetch GET 200 https://registry.npmjs.org/ansis 143ms (cache hit)
389 http fetch GET 200 https://registry.npmjs.org/ansis 146ms (cache hit)
390 http fetch GET 200 https://registry.npmjs.org/widest-line 146ms (cache hit)
391 http fetch GET 200 https://registry.npmjs.org/uri-js 146ms (cache hit)
392 http fetch GET 200 https://registry.npmjs.org/supports-color 146ms (cache hit)
393 http fetch GET 200 https://registry.npmjs.org/wordwrap 147ms (cache hit)
394 http fetch GET 200 https://registry.npmjs.org/json-schema-traverse 147ms (cache hit)
395 http fetch GET 200 https://registry.npmjs.org/@react-native%2fnormalize-colors 151ms (cache hit)
396 http fetch GET 200 https://registry.npmjs.org/@sentry-internal%2ftracing 151ms (cache hit)
397 http fetch GET 200 https://registry.npmjs.org/@nodelib%2ffs.stat 152ms (cache hit)
398 http fetch GET 200 https://registry.npmjs.org/glob-parent 152ms (cache hit)
399 http fetch GET 200 https://registry.npmjs.org/merge2 153ms (cache hit)
400 http fetch GET 200 https://registry.npmjs.org/asynckit 152ms (cache hit)
401 http fetch GET 200 https://registry.npmjs.org/combined-stream 152ms (cache hit)
402 http fetch GET 200 https://registry.npmjs.org/es-set-tostringtag 153ms (cache hit)
403 http fetch GET 200 https://registry.npmjs.org/@nodelib%2ffs.walk 153ms (cache hit)
404 http fetch GET 200 https://registry.npmjs.org/escape-string-regexp 153ms (cache hit)
405 http fetch GET 200 https://registry.npmjs.org/@hapi%2ftopo 153ms (cache hit)
406 http fetch GET 200 https://registry.npmjs.org/universalify 154ms (cache hit)
407 http fetch GET 200 https://registry.npmjs.org/agent-base 154ms (cache hit)
408 http fetch GET 200 https://registry.npmjs.org/lodash.merge 155ms (cache hit)
409 http fetch GET 200 https://registry.npmjs.org/node-rsa 154ms (cache hit)
410 http fetch GET 200 https://registry.npmjs.org/jsonfile 156ms (cache hit)
411 http fetch GET 200 https://registry.npmjs.org/@sideway%2fpinpoint 155ms (cache hit)
412 http fetch GET 200 https://registry.npmjs.org/@sideway%2faddress 155ms (cache hit)
413 http fetch GET 200 https://registry.npmjs.org/@sideway%2fformula 156ms (cache hit)
414 http fetch GET 200 https://registry.npmjs.org/is-interactive 157ms (cache hit)
415 http fetch GET 200 https://registry.npmjs.org/@sentry%2futils 162ms (cache hit)
416 http fetch GET 200 https://registry.npmjs.org/is-unicode-supported 163ms (cache hit)
417 http fetch GET 200 https://registry.npmjs.org/@hapi%2fhoek 164ms (cache hit)
418 http fetch GET 200 https://registry.npmjs.org/mute-stream 163ms (cache hit)
419 http fetch GET 200 https://registry.npmjs.org/err-code 164ms (cache hit)
420 http fetch GET 200 https://registry.npmjs.org/@sentry%2fcore 168ms (cache hit)
421 http fetch GET 200 https://registry.npmjs.org/@sentry%2ftypes 172ms (cache hit)
422 http fetch GET 200 https://registry.npmjs.org/retry 173ms (cache hit)
423 http fetch GET 200 https://registry.npmjs.org/yallist 174ms (cache hit)
424 http fetch GET 200 https://registry.npmjs.org/rimraf 175ms (cache hit)
425 http fetch GET 200 https://registry.npmjs.org/b4a 176ms (cache hit)
426 http fetch GET 200 https://registry.npmjs.org/lru-cache 177ms (cache hit)
427 http fetch GET 200 https://registry.npmjs.org/cli-cursor 182ms (cache hit)
428 http fetch GET 200 https://registry.npmjs.org/fast-fifo 180ms (cache hit)
429 http fetch GET 200 https://registry.npmjs.org/streamx 181ms (cache hit)
430 http fetch GET 200 https://registry.npmjs.org/domino 182ms (cache hit)
431 timing idealTree:node_modules/eas-cli Completed in 300ms
432 timing idealTree:node_modules/@expo/apple-utils Completed in 0ms
433 silly placeDep node_modules/@expo/eas-build-job joi@17.13.3 OK for: @expo/eas-build-job@18.12.0 want: ^17.13.1
434 silly fetch manifest @hapi/hoek@^9.3.0
435 silly fetch manifest @hapi/topo@^5.1.0
436 silly fetch manifest @sideway/address@^4.1.5
437 timing idealTree:node_modules/@expo/eas-build-job Completed in 1ms
438 silly placeDep node_modules/@expo/eas-json @babel/code-frame@7.23.5 OK for: @expo/eas-json@18.12.0 want: 7.23.5
439 silly placeDep ROOT env-string@1.0.1 OK for: @expo/eas-json@18.12.0 want: 1.0.1
440 silly placeDep ROOT golden-fleece@1.0.9 OK for: @expo/eas-json@18.12.0 want: 1.0.9
441 silly placeDep node_modules/@expo/eas-json log-symbols@4.1.0 OK for: @expo/eas-json@18.12.0 want: 4.1.0
442 silly placeDep node_modules/@expo/eas-json semver@7.5.2 OK for: @expo/eas-json@18.12.0 want: 7.5.2
443 silly placeDep node_modules/@expo/eas-json tslib@2.4.1 OK for: @expo/eas-json@18.12.0 want: 2.4.1
444 silly fetch manifest chalk@^2.4.2
445 http fetch GET 200 https://registry.npmjs.org/chalk 5ms (cache hit)
446 timing idealTree:node_modules/@expo/eas-json Completed in 10ms
447 silly placeDep ROOT @types/bunyan@1.8.11 OK for: @expo/logger@18.5.0 want: ^1.8.11
448 silly placeDep ROOT bunyan@1.8.15 OK for: @expo/logger@18.5.0 want: ^1.8.15
449 silly fetch manifest mv@~2
450 silly fetch manifest moment@^2.19.3
451 silly fetch manifest dtrace-provider@~0.8
452 silly fetch manifest safe-json-stringify@~1
453 http fetch GET 200 https://registry.npmjs.org/safe-json-stringify 9ms (cache hit)
454 http fetch GET 200 https://registry.npmjs.org/dtrace-provider 9ms (cache hit)
455 http fetch GET 200 https://registry.npmjs.org/moment 11ms (cache hit)
456 http fetch GET 200 https://registry.npmjs.org/mv 12ms (cache hit)
457 timing idealTree:node_modules/@expo/logger Completed in 14ms
458 silly placeDep ROOT multipasta@0.2.7 OK for: @expo/multipart-body-parser@2.0.0 want: ^0.2.5
459 timing idealTree:node_modules/@expo/multipart-body-parser Completed in 1ms
460 timing idealTree:node_modules/@expo/pkcs12 Completed in 0ms
461 silly placeDep node_modules/@expo/plugin-help @oclif/core@2.16.0 OK for: @expo/plugin-help@5.1.23 want: ^2.11.1
462 silly fetch manifest ejs@^3.1.8
463 silly fetch manifest globby@^11.1.0
464 silly fetch manifest ts-node@^10.9.1
465 silly fetch manifest cardinal@^2.1.1
466 silly fetch manifest slice-ansi@^4.0.0
467 silly fetch manifest hyperlinker@^1.0.0
468 silly fetch manifest object-treeify@^1.1.33
469 silly fetch manifest supports-color@^8.1.1
470 silly fetch manifest natural-orderby@^2.0.3
471 silly fetch manifest password-prompt@^1.1.2
472 silly fetch manifest @types/cli-progress@^3.11.0
473 http fetch GET 200 https://registry.npmjs.org/ts-node 12ms (cache hit)
474 http fetch GET 200 https://registry.npmjs.org/hyperlinker 14ms (cache hit)
475 http fetch GET 200 https://registry.npmjs.org/globby 14ms (cache hit)
476 http fetch GET 200 https://registry.npmjs.org/object-treeify 15ms (cache hit)
477 http fetch GET 200 https://registry.npmjs.org/slice-ansi 16ms (cache hit)
478 http fetch GET 200 https://registry.npmjs.org/password-prompt 16ms (cache hit)
479 http fetch GET 200 https://registry.npmjs.org/natural-orderby 16ms (cache hit)
480 http fetch GET 200 https://registry.npmjs.org/cardinal 17ms (cache hit)
481 http fetch GET 200 https://registry.npmjs.org/@types%2fcli-progress 17ms (cache hit)
482 timing idealTree:node_modules/@expo/plugin-help Completed in 20ms
483 silly placeDep node_modules/@expo/plugin-warn-if-update-available @oclif/core@2.16.0 OK for: @expo/plugin-warn-if-update-available@2.5.1 want: ^2.11.1
484 silly placeDep ROOT ejs@3.1.10 OK for: @expo/plugin-warn-if-update-available@2.5.1 want: ^3.1.7
485 silly placeDep node_modules/@expo/plugin-warn-if-update-available fs-extra@10.1.0 OK for: @expo/plugin-warn-if-update-available@2.5.1 want: ^10.1.0
486 silly placeDep ROOT http-call@5.3.0 OK for: @expo/plugin-warn-if-update-available@2.5.1 want: ^5.2.2
487 silly fetch manifest jake@^10.8.5
488 silly fetch manifest is-stream@^2.0.0
489 silly fetch manifest parse-json@^4.0.0
490 silly fetch manifest content-type@^1.0.4
491 silly fetch manifest tunnel-agent@^0.6.0
492 silly fetch manifest is-retry-allowed@^1.1.0
493 http fetch GET 200 https://registry.npmjs.org/content-type 11ms (cache hit)
494 http fetch GET 200 https://registry.npmjs.org/parse-json 12ms (cache hit)
495 http fetch GET 200 https://registry.npmjs.org/is-stream 12ms (cache hit)
496 http fetch GET 200 https://registry.npmjs.org/jake 13ms (cache hit)
497 http fetch GET 200 https://registry.npmjs.org/tunnel-agent 13ms (cache hit)
498 http fetch GET 200 https://registry.npmjs.org/is-retry-allowed 14ms (cache hit)
499 timing idealTree:node_modules/@expo/plugin-warn-if-update-available Completed in 19ms
500 silly placeDep node_modules/@expo/prebuild-config @expo/config@10.0.11 OK for: @expo/prebuild-config@8.0.17 want: ~10.0.4
501 silly placeDep node_modules/@expo/prebuild-config @expo/config-plugins@9.0.17 OK for: @expo/prebuild-config@8.0.17 want: ~9.0.0
502 silly placeDep node_modules/@expo/prebuild-config @expo/config-types@52.0.5 OK for: @expo/prebuild-config@8.0.17 want: ^52.0.0
503 silly placeDep node_modules/@expo/prebuild-config @expo/image-utils@0.6.5 OK for: @expo/prebuild-config@8.0.17 want: ^0.6.0
504 silly placeDep node_modules/@expo/prebuild-config @expo/json-file@9.1.5 OK for: @expo/prebuild-config@8.0.17 want: ^9.0.0
505 silly placeDep node_modules/@expo/prebuild-config @react-native/normalize-colors@0.76.2 OK for: @expo/prebuild-config@8.0.17 want: 0.76.2
506 silly placeDep node_modules/@expo/prebuild-config fs-extra@9.1.0 OK for: @expo/prebuild-config@8.0.17 want: ^9.0.0
507 silly fetch manifest glob@^10.4.2
508 silly fetch manifest getenv@^1.0.0
509 silly fetch manifest sucrase@3.35.0
510 silly fetch manifest @expo/plist@^0.2.2
511 silly fetch manifest @expo/json-file@~9.0.2
512 silly fetch manifest fs-extra@9.0.0
513 silly fetch manifest temp-dir@~2.0.0
514 silly fetch manifest unique-string@~2.0.0
515 silly fetch manifest at-least-node@^1.0.0
516 http fetch GET 200 https://registry.npmjs.org/glob 18ms (cache hit)
517 http fetch GET 200 https://registry.npmjs.org/unique-string 20ms (cache hit)
518 http fetch GET 200 https://registry.npmjs.org/at-least-node 20ms (cache hit)
519 http fetch GET 200 https://registry.npmjs.org/temp-dir 20ms (cache hit)
520 http fetch GET 200 https://registry.npmjs.org/sucrase 22ms (cache hit)
521 timing idealTree:node_modules/@expo/prebuild-config Completed in 29ms
522 timing idealTree:node_modules/@expo/results Completed in 0ms
523 silly placeDep ROOT @expo/bunyan@4.0.1 OK for: @expo/rudder-sdk-node@1.1.1 want: ^4.0.0
524 silly placeDep ROOT @segment/loosely-validate-event@2.0.0 OK for: @expo/rudder-sdk-node@1.1.1 want: ^2.0.0
525 silly placeDep ROOT fetch-retry@4.1.1 OK for: @expo/rudder-sdk-node@1.1.1 want: ^4.1.1
526 silly placeDep ROOT md5@2.3.0 OK for: @expo/rudder-sdk-node@1.1.1 want: ^2.2.1
527 silly placeDep ROOT remove-trailing-slash@0.1.1 OK for: @expo/rudder-sdk-node@1.1.1 want: ^0.1.0
528 silly placeDep node_modules/@expo/rudder-sdk-node uuid@8.3.2 OK for: @expo/rudder-sdk-node@1.1.1 want: ^8.3.2
529 silly fetch manifest uuid@^8.0.0
530 silly fetch manifest component-type@^1.2.1
531 silly fetch manifest join-component@^1.1.0
532 silly fetch manifest crypt@0.0.2
533 silly fetch manifest charenc@0.0.2
534 silly fetch manifest is-buffer@~1.1.6
535 http fetch GET 200 https://registry.npmjs.org/join-component 10ms (cache hit)
536 http fetch GET 200 https://registry.npmjs.org/is-buffer 10ms (cache hit)
537 http fetch GET 200 https://registry.npmjs.org/crypt 11ms (cache hit)
538 http fetch GET 200 https://registry.npmjs.org/component-type 12ms (cache hit)
539 http fetch GET 200 https://registry.npmjs.org/charenc 12ms (cache hit)
540 timing idealTree:node_modules/@expo/rudder-sdk-node Completed in 16ms
541 silly placeDep node_modules/@expo/bunyan uuid@8.3.2 OK for: @expo/bunyan@4.0.1 want: ^8.0.0
542 timing idealTree:node_modules/@expo/bunyan Completed in 1ms
543 silly placeDep node_modules/@expo/steps joi@17.13.3 OK for: @expo/steps@18.12.0 want: ^17.13.1
544 silly placeDep ROOT jsep@1.4.0 OK for: @expo/steps@18.12.0 want: ^1.3.8
545 silly placeDep ROOT lodash.clonedeep@4.5.0 OK for: @expo/steps@18.12.0 want: ^4.5.0
546 silly placeDep ROOT lodash.get@4.4.2 OK for: @expo/steps@18.12.0 want: ^4.4.2
547 silly placeDep node_modules/@expo/steps uuid@9.0.1 OK for: @expo/steps@18.12.0 want: ^9.0.1
548 timing idealTree:node_modules/@expo/steps Completed in 3ms
549 timing idealTree:node_modules/@expo/timeago.js Completed in 0ms
550 silly placeDep ROOT ansis@3.17.0 OK for: @oclif/core@4.11.2 want: ^3.17.0
551 silly placeDep ROOT clean-stack@3.0.1 OK for: @oclif/core@4.11.2 want: ^3.0.1
552 silly placeDep ROOT lilconfig@3.1.3 OK for: @oclif/core@4.11.2 want: ^3.1.3
553 silly placeDep node_modules/@oclif/core minimatch@10.2.5 OK for: @oclif/core@4.11.2 want: ^10.2.5
554 silly placeDep ROOT semver@7.8.0 REPLACE for: @oclif/core@4.11.2 want: ^7.8.0
555 silly placeDep node_modules/@oclif/core supports-color@8.1.1 OK for: @oclif/core@4.11.2 want: ^8
556 silly placeDep ROOT widest-line@3.1.0 OK for: @oclif/core@4.11.2 want: ^3.1.0
557 silly placeDep ROOT wordwrap@1.0.0 OK for: @oclif/core@4.11.2 want: ^1.0.0
558 silly fetch manifest brace-expansion@^5.0.5
559 http fetch GET 200 https://registry.npmjs.org/brace-expansion 5ms (cache hit)
560 timing idealTree:node_modules/@oclif/core Completed in 14ms
561 timing idealTree:node_modules/@oclif/plugin-autocomplete Completed in 0ms
562 timing idealTree:node_modules/@segment/ajv-human-errors Completed in 0ms
563 silly placeDep ROOT component-type@1.2.2 OK for: @segment/loosely-validate-event@2.0.0 want: ^1.2.1
564 silly placeDep ROOT join-component@1.1.0 OK for: @segment/loosely-validate-event@2.0.0 want: ^1.1.0
565 timing idealTree:node_modules/@segment/loosely-validate-event Completed in 1ms
566 silly placeDep ROOT @sentry-internal/tracing@7.77.0 OK for: @sentry/node@7.77.0 want: 7.77.0
567 silly placeDep node_modules/@sentry/node @sentry/core@7.77.0 OK for: @sentry/node@7.77.0 want: 7.77.0
568 silly placeDep node_modules/@sentry/node @sentry/types@7.77.0 OK for: @sentry/node@7.77.0 want: 7.77.0
569 silly placeDep ROOT @sentry/utils@7.77.0 OK for: @sentry/node@7.77.0 want: 7.77.0
570 silly placeDep node_modules/@sentry/node https-proxy-agent@5.0.1 OK for: @sentry/node@7.77.0 want: ^5.0.0
571 timing idealTree:node_modules/@sentry/node Completed in 4ms
572 silly placeDep node_modules/@sentry-internal/tracing @sentry/core@7.77.0 OK for: @sentry-internal/tracing@7.77.0 want: 7.77.0
573 silly placeDep node_modules/@sentry-internal/tracing @sentry/types@7.77.0 OK for: @sentry-internal/tracing@7.77.0 want: 7.77.0
574 timing idealTree:node_modules/@sentry-internal/tracing Completed in 2ms
575 silly placeDep node_modules/@sentry/utils @sentry/types@7.77.0 OK for: @sentry/utils@7.77.0 want: 7.77.0
576 timing idealTree:node_modules/@sentry/utils Completed in 0ms
577 timing idealTree:node_modules/@types/bunyan Completed in 0ms
578 silly placeDep ROOT json-schema-traverse@1.0.0 OK for: ajv@8.11.0 want: ^1.0.0
579 silly placeDep ROOT uri-js@4.4.1 OK for: ajv@8.11.0 want: ^4.2.2
580 timing idealTree:node_modules/ajv Completed in 2ms
581 timing idealTree:node_modules/ajv-formats Completed in 0ms
582 timing idealTree:node_modules/ansis Completed in 0ms
583 silly placeDep ROOT dtrace-provider@0.8.8 OK for: bunyan@1.8.15 want: ~0.8
584 silly placeDep ROOT moment@2.30.1 OK for: bunyan@1.8.15 want: ^2.19.3
585 silly placeDep ROOT mv@2.1.1 OK for: bunyan@1.8.15 want: ~2
586 silly placeDep ROOT safe-json-stringify@1.2.0 OK for: bunyan@1.8.15 want: ~1
587 silly fetch manifest nan@^2.14.0
588 silly fetch manifest mkdirp@~0.5.1
589 silly fetch manifest ncp@~2.0.0
590 silly fetch manifest rimraf@~2.4.0
591 http fetch GET 200 https://registry.npmjs.org/ncp 9ms (cache hit)
592 http fetch GET 200 https://registry.npmjs.org/nan 9ms (cache hit)
593 http fetch GET 200 https://registry.npmjs.org/mkdirp 10ms (cache hit)
594 timing idealTree:node_modules/bunyan Completed in 14ms
595 timing idealTree:node_modules/clean-stack Completed in 0ms
596 timing idealTree:node_modules/cli-progress Completed in 0ms
597 timing idealTree:node_modules/component-type Completed in 0ms
598 timing idealTree:node_modules/dateformat Completed in 0ms
599 timing idealTree:node_modules/diff Completed in 0ms
600 silly placeDep ROOT nan@2.27.0 OK for: dtrace-provider@0.8.8 want: ^2.14.0
601 timing idealTree:node_modules/dtrace-provider Completed in 1ms
602 silly placeDep ROOT jake@10.9.4 OK for: ejs@3.1.10 want: ^10.8.5
603 silly fetch manifest async@^3.2.6
604 silly fetch manifest filelist@^1.0.4
605 http fetch GET 200 https://registry.npmjs.org/filelist 4ms (cache hit)
606 http fetch GET 200 https://registry.npmjs.org/async 5ms (cache hit)
607 timing idealTree:node_modules/ejs Completed in 7ms
608 timing idealTree:node_modules/env-paths Completed in 0ms
609 timing idealTree:node_modules/env-string Completed in 0ms
610 timing idealTree:node_modules/envinfo Completed in 0ms
611 silly placeDep ROOT @nodelib/fs.stat@2.0.5 OK for: fast-glob@3.3.2 want: ^2.0.2
612 silly placeDep ROOT @nodelib/fs.walk@1.2.8 OK for: fast-glob@3.3.2 want: ^1.2.3
613 silly placeDep ROOT glob-parent@5.1.2 OK for: fast-glob@3.3.2 want: ^5.1.2
614 silly placeDep ROOT merge2@1.4.1 OK for: fast-glob@3.3.2 want: ^1.3.0
615 silly fetch manifest fastq@^1.6.0
616 silly fetch manifest @nodelib/fs.scandir@2.1.5
617 silly fetch manifest is-glob@^4.0.1
618 http fetch GET 200 https://registry.npmjs.org/is-glob 4ms (cache hit)
619 http fetch GET 200 https://registry.npmjs.org/fastq 5ms (cache hit)
620 http fetch GET 200 https://registry.npmjs.org/@nodelib%2ffs.scandir 5ms (cache hit)
621 timing idealTree:node_modules/fast-glob Completed in 8ms
622 timing idealTree:node_modules/@nodelib/fs.stat Completed in 0ms
623 silly placeDep ROOT @nodelib/fs.scandir@2.1.5 OK for: @nodelib/fs.walk@1.2.8 want: 2.1.5
624 silly placeDep ROOT fastq@1.20.1 OK for: @nodelib/fs.walk@1.2.8 want: ^1.6.0
625 silly fetch manifest run-parallel@^1.1.9
626 silly fetch manifest reusify@^1.0.4
627 http fetch GET 200 https://registry.npmjs.org/run-parallel 3ms (cache hit)
628 http fetch GET 200 https://registry.npmjs.org/reusify 4ms (cache hit)
629 timing idealTree:node_modules/@nodelib/fs.walk Completed in 7ms
630 silly placeDep ROOT run-parallel@1.2.0 OK for: @nodelib/fs.scandir@2.1.5 want: ^1.1.9
631 silly fetch manifest queue-microtask@^1.2.2
632 http fetch GET 200 https://registry.npmjs.org/queue-microtask 3ms (cache hit)
633 timing idealTree:node_modules/@nodelib/fs.scandir Completed in 4ms
634 silly placeDep ROOT reusify@1.1.0 OK for: fastq@1.20.1 want: ^1.0.4
635 timing idealTree:node_modules/fastq Completed in 1ms
636 timing idealTree:node_modules/fetch-retry Completed in 0ms
637 silly placeDep node_modules/figures escape-string-regexp@1.0.5 OK for: figures@3.2.0 want: ^1.0.5
638 timing idealTree:node_modules/figures Completed in 0ms
639 silly placeDep ROOT asynckit@0.4.0 OK for: form-data@4.0.5 want: ^0.4.0
640 silly placeDep ROOT combined-stream@1.0.8 OK for: form-data@4.0.5 want: ^1.0.8
641 silly placeDep ROOT es-set-tostringtag@2.1.0 OK for: form-data@4.0.5 want: ^2.1.0
642 silly fetch manifest delayed-stream@~1.0.0
643 silly fetch manifest es-errors@^1.3.0
644 silly fetch manifest get-intrinsic@^1.2.6
645 silly fetch manifest has-tostringtag@^1.0.2
646 http fetch GET 200 https://registry.npmjs.org/delayed-stream 9ms (cache hit)
647 http fetch GET 200 https://registry.npmjs.org/es-errors 9ms (cache hit)
648 http fetch GET 200 https://registry.npmjs.org/get-intrinsic 10ms (cache hit)
649 http fetch GET 200 https://registry.npmjs.org/has-tostringtag 9ms (cache hit)
650 timing idealTree:node_modules/form-data Completed in 14ms
651 timing idealTree:node_modules/asynckit Completed in 0ms
652 silly placeDep ROOT delayed-stream@1.0.0 OK for: combined-stream@1.0.8 want: ~1.0.0
653 timing idealTree:node_modules/combined-stream Completed in 1ms
654 timing idealTree:node_modules/delayed-stream Completed in 0ms
655 silly placeDep ROOT es-errors@1.3.0 OK for: es-set-tostringtag@2.1.0 want: ^1.3.0
656 silly placeDep ROOT get-intrinsic@1.3.0 OK for: es-set-tostringtag@2.1.0 want: ^1.2.6
657 silly placeDep ROOT has-tostringtag@1.0.2 OK for: es-set-tostringtag@2.1.0 want: ^1.0.2
658 silly fetch manifest gopd@^1.2.0
659 silly fetch manifest get-proto@^1.0.1
660 silly fetch manifest has-symbols@^1.1.0
661 silly fetch manifest es-object-atoms@^1.1.1
662 silly fetch manifest math-intrinsics@^1.1.0
663 silly fetch manifest es-define-property@^1.0.1
664 silly fetch manifest call-bind-apply-helpers@^1.0.2
665 silly fetch manifest has-symbols@^1.0.3
666 http fetch GET 200 https://registry.npmjs.org/has-symbols 12ms (cache hit)
667 http fetch GET 200 https://registry.npmjs.org/get-proto 12ms (cache hit)
668 http fetch GET 200 https://registry.npmjs.org/gopd 12ms (cache hit)
669 http fetch GET 200 https://registry.npmjs.org/es-object-atoms 12ms (cache hit)
670 http fetch GET 200 https://registry.npmjs.org/math-intrinsics 13ms (cache hit)
671 http fetch GET 200 https://registry.npmjs.org/has-symbols 13ms (cache hit)
672 http fetch GET 200 https://registry.npmjs.org/es-define-property 13ms (cache hit)
673 http fetch GET 200 https://registry.npmjs.org/call-bind-apply-helpers 13ms (cache hit)
674 timing idealTree:node_modules/es-set-tostringtag Completed in 15ms
675 timing idealTree:node_modules/es-errors Completed in 0ms
676 silly placeDep ROOT jsonfile@6.2.1 OK for: fs-extra@11.2.0 want: ^6.0.1
677 silly placeDep ROOT universalify@2.0.1 OK for: fs-extra@11.2.0 want: ^2.0.0
678 timing idealTree:node_modules/fs-extra Completed in 1ms
679 silly placeDep ROOT call-bind-apply-helpers@1.0.2 OK for: get-intrinsic@1.3.0 want: ^1.0.2
680 silly placeDep ROOT es-define-property@1.0.1 OK for: get-intrinsic@1.3.0 want: ^1.0.1
681 silly placeDep ROOT es-object-atoms@1.1.1 OK for: get-intrinsic@1.3.0 want: ^1.1.1
682 silly placeDep ROOT get-proto@1.0.1 OK for: get-intrinsic@1.3.0 want: ^1.0.1
683 silly placeDep ROOT gopd@1.2.0 OK for: get-intrinsic@1.3.0 want: ^1.2.0
684 silly placeDep ROOT has-symbols@1.1.0 OK for: get-intrinsic@1.3.0 want: ^1.1.0
685 silly placeDep ROOT math-intrinsics@1.1.0 OK for: get-intrinsic@1.3.0 want: ^1.1.0
686 silly fetch manifest dunder-proto@^1.0.1
687 http fetch GET 200 https://registry.npmjs.org/dunder-proto 5ms (cache hit)
688 timing idealTree:node_modules/get-intrinsic Completed in 9ms
689 timing idealTree:node_modules/call-bind-apply-helpers Completed in 0ms
690 timing idealTree:node_modules/es-define-property Completed in 0ms
691 timing idealTree:node_modules/es-object-atoms Completed in 0ms
692 silly placeDep ROOT dunder-proto@1.0.1 OK for: get-proto@1.0.1 want: ^1.0.1
693 timing idealTree:node_modules/get-proto Completed in 1ms
694 timing idealTree:node_modules/dunder-proto Completed in 0ms
695 silly placeDep ROOT is-glob@4.0.3 OK for: glob-parent@5.1.2 want: ^4.0.1
696 silly fetch manifest is-extglob@^2.1.1
697 http fetch GET 200 https://registry.npmjs.org/is-extglob 3ms (cache hit)
698 timing idealTree:node_modules/glob-parent Completed in 4ms
699 timing idealTree:node_modules/golden-fleece Completed in 0ms
700 timing idealTree:node_modules/gopd Completed in 0ms
701 silly placeDep ROOT lodash.merge@4.6.2 OK for: gradle-to-js@2.0.1 want: ^4.6.2
702 timing idealTree:node_modules/gradle-to-js Completed in 1ms
703 timing idealTree:node_modules/graphql Completed in 0ms
704 timing idealTree:node_modules/graphql-tag Completed in 0ms
705 timing idealTree:node_modules/has-symbols Completed in 0ms
706 timing idealTree:node_modules/has-tostringtag Completed in 0ms
707 silly placeDep ROOT content-type@1.0.5 OK for: http-call@5.3.0 want: ^1.0.4
708 silly placeDep ROOT is-retry-allowed@1.2.0 OK for: http-call@5.3.0 want: ^1.1.0
709 silly placeDep ROOT is-stream@2.0.1 OK for: http-call@5.3.0 want: ^2.0.0
710 silly placeDep ROOT parse-json@4.0.0 OK for: http-call@5.3.0 want: ^4.0.0
711 silly placeDep ROOT tunnel-agent@0.6.0 OK for: http-call@5.3.0 want: ^0.6.0
712 silly fetch manifest error-ex@^1.3.1
713 silly fetch manifest json-parse-better-errors@^1.0.1
714 http fetch GET 200 https://registry.npmjs.org/error-ex 5ms (cache hit)
715 http fetch GET 200 https://registry.npmjs.org/json-parse-better-errors 5ms (cache hit)
716 timing idealTree:node_modules/http-call Completed in 7ms
717 timing idealTree:node_modules/content-type Completed in 0ms
718 timing idealTree:node_modules/indent-string Completed in 0ms
719 silly placeDep ROOT is-extglob@2.1.1 OK for: is-glob@4.0.3 want: ^2.1.1
720 timing idealTree:node_modules/is-glob Completed in 1ms
721 timing idealTree:node_modules/is-extglob Completed in 0ms
722 timing idealTree:node_modules/is-retry-allowed Completed in 0ms
723 timing idealTree:node_modules/is-stream Completed in 0ms
724 silly placeDep ROOT async@3.2.6 OK for: jake@10.9.4 want: ^3.2.6
725 silly placeDep ROOT filelist@1.0.6 OK for: jake@10.9.4 want: ^1.0.4
726 silly fetch manifest minimatch@^5.0.1
727 timing idealTree:node_modules/jake Completed in 1ms
728 timing idealTree:node_modules/async Completed in 0ms
729 silly placeDep node_modules/filelist minimatch@5.1.9 OK for: filelist@1.0.6 want: ^5.0.1
730 timing idealTree:node_modules/filelist Completed in 0ms
731 silly placeDep ROOT node-rsa@1.1.1 OK for: jks-js@1.1.0 want: ^1.1.1
732 silly fetch manifest asn1@^0.2.4
733 http fetch GET 200 https://registry.npmjs.org/asn1 3ms (cache hit)
734 timing idealTree:node_modules/jks-js Completed in 5ms
735 silly placeDep ROOT @hapi/hoek@9.3.0 OK for: joi@17.11.0 want: ^9.0.0
736 silly placeDep ROOT @hapi/topo@5.1.0 OK for: joi@17.11.0 want: ^5.0.0
737 silly placeDep ROOT @sideway/address@4.1.5 OK for: joi@17.11.0 want: ^4.1.3
738 silly placeDep ROOT @sideway/formula@3.0.1 OK for: joi@17.11.0 want: ^3.0.1
739 silly placeDep ROOT @sideway/pinpoint@2.0.0 OK for: joi@17.11.0 want: ^2.0.0
740 timing idealTree:node_modules/joi Completed in 3ms
741 timing idealTree:node_modules/@hapi/hoek Completed in 0ms
742 timing idealTree:node_modules/@hapi/topo Completed in 0ms
743 timing idealTree:node_modules/@sideway/address Completed in 0ms
744 timing idealTree:node_modules/@sideway/formula Completed in 0ms
745 timing idealTree:node_modules/@sideway/pinpoint Completed in 0ms
746 timing idealTree:node_modules/join-component Completed in 0ms
747 timing idealTree:node_modules/jsep Completed in 0ms
748 timing idealTree:node_modules/json-schema-traverse Completed in 0ms
749 timing idealTree:node_modules/jsonfile Completed in 0ms
750 timing idealTree:node_modules/keychain Completed in 0ms
751 timing idealTree:node_modules/lilconfig Completed in 0ms
752 timing idealTree:node_modules/lodash.clonedeep Completed in 0ms
753 timing idealTree:node_modules/lodash.get Completed in 0ms
754 timing idealTree:node_modules/lodash.merge Completed in 0ms
755 timing idealTree:node_modules/math-intrinsics Completed in 0ms
756 silly placeDep ROOT charenc@0.0.2 OK for: md5@2.3.0 want: 0.0.2
757 silly placeDep ROOT crypt@0.0.2 OK for: md5@2.3.0 want: 0.0.2
758 silly placeDep ROOT is-buffer@1.1.6 OK for: md5@2.3.0 want: ~1.1.6
759 timing idealTree:node_modules/md5 Completed in 2ms
760 timing idealTree:node_modules/charenc Completed in 0ms
761 timing idealTree:node_modules/crypt Completed in 0ms
762 timing idealTree:node_modules/is-buffer Completed in 0ms
763 timing idealTree:node_modules/merge2 Completed in 0ms
764 timing idealTree:node_modules/moment Completed in 0ms
765 timing idealTree:node_modules/multipasta Completed in 0ms
766 silly placeDep node_modules/mv mkdirp@0.5.6 OK for: mv@2.1.1 want: ~0.5.1
767 silly placeDep ROOT ncp@2.0.0 OK for: mv@2.1.1 want: ~2.0.0
768 silly placeDep node_modules/mv rimraf@2.4.5 OK for: mv@2.1.1 want: ~2.4.0
769 silly fetch manifest glob@^6.0.1
770 timing idealTree:node_modules/mv Completed in 3ms
771 timing idealTree:node_modules/nan Completed in 0ms
772 timing idealTree:node_modules/ncp Completed in 0ms
773 silly placeDep ROOT asn1@0.2.6 OK for: node-rsa@1.1.1 want: ^0.2.4
774 silly fetch manifest safer-buffer@~2.1.0
775 http fetch GET 200 https://registry.npmjs.org/safer-buffer 3ms (cache hit)
776 timing idealTree:node_modules/node-rsa Completed in 4ms
777 silly placeDep ROOT safer-buffer@2.1.2 OK for: asn1@0.2.6 want: ~2.1.0
778 timing idealTree:node_modules/asn1 Completed in 1ms
779 timing idealTree:node_modules/node-stream-zip Completed in 0ms
780 silly placeDep ROOT error-ex@1.3.4 OK for: parse-json@4.0.0 want: ^1.3.1
781 silly placeDep ROOT json-parse-better-errors@1.0.2 OK for: parse-json@4.0.0 want: ^1.0.1
782 silly fetch manifest is-arrayish@^0.2.1
783 http fetch GET 200 https://registry.npmjs.org/is-arrayish 4ms (cache hit)
784 timing idealTree:node_modules/parse-json Completed in 7ms
785 silly placeDep node_modules/error-ex is-arrayish@0.2.1 OK for: error-ex@1.3.4 want: ^0.2.1
786 timing idealTree:node_modules/error-ex Completed in 0ms
787 timing idealTree:node_modules/json-parse-better-errors Completed in 0ms
788 timing idealTree:node_modules/pkg-dir Completed in 0ms
789 timing idealTree:node_modules/promise-limit Completed in 0ms
790 silly placeDep ROOT err-code@2.0.3 OK for: promise-retry@2.0.1 want: ^2.0.2
791 silly placeDep ROOT retry@0.12.0 OK for: promise-retry@2.0.1 want: ^0.12.0
792 timing idealTree:node_modules/promise-retry Completed in 2ms
793 timing idealTree:node_modules/err-code Completed in 0ms
794 timing idealTree:node_modules/remove-trailing-slash Completed in 0ms
795 timing idealTree:node_modules/retry Completed in 0ms
796 timing idealTree:node_modules/reusify Completed in 0ms
797 silly placeDep ROOT queue-microtask@1.2.3 OK for: run-parallel@1.2.0 want: ^1.2.2
798 timing idealTree:node_modules/run-parallel Completed in 1ms
799 timing idealTree:node_modules/queue-microtask Completed in 0ms
800 timing idealTree:node_modules/safe-json-stringify Completed in 0ms
801 timing idealTree:node_modules/safer-buffer Completed in 0ms
802 timing idealTree:node_modules/semver Completed in 0ms
803 timing idealTree:node_modules/set-interval-async Completed in 0ms
804 silly fetch manifest react-native-b4a@*
805 http fetch GET 200 https://registry.npmjs.org/react-native-b4a 6ms (cache hit)
806 silly fetch manifest react@*
807 http fetch GET 200 https://registry.npmjs.org/react 10ms (cache hit)
808 silly fetch manifest react-native@*
809 http fetch GET 200 https://registry.npmjs.org/react-native 18ms (cache hit)
810 silly fetch manifest @react-native/jest-preset@0.85.3
811 http fetch GET 200 https://registry.npmjs.org/@react-native%2fjest-preset 5ms (cache hit)
812 silly fetch manifest @types/react@^19.1.1
813 http fetch GET 200 https://registry.npmjs.org/@types%2freact 6ms (cache hit)
814 silly placeDep ROOT b4a@1.8.1 OK for: tar-stream@3.1.7 want: ^1.6.4
815 silly placeDep ROOT fast-fifo@1.3.2 OK for: tar-stream@3.1.7 want: ^1.2.0
816 silly placeDep ROOT streamx@2.25.0 OK for: tar-stream@3.1.7 want: ^2.15.0
817 silly fetch manifest events-universal@^1.0.0
818 silly fetch manifest text-decoder@^1.1.0
819 http fetch GET 200 https://registry.npmjs.org/events-universal 10ms (cache hit)
820 http fetch GET 200 https://registry.npmjs.org/text-decoder 11ms (cache hit)
821 timing idealTree:node_modules/tar-stream Completed in 117ms
822 timing idealTree:node_modules/b4a Completed in 0ms
823 timing idealTree:node_modules/fast-fifo Completed in 0ms
824 silly placeDep ROOT events-universal@1.0.1 OK for: streamx@2.25.0 want: ^1.0.0
825 silly placeDep ROOT text-decoder@1.2.7 OK for: streamx@2.25.0 want: ^1.1.0
826 silly fetch manifest bare-events@^2.7.0
827 http fetch GET 200 https://registry.npmjs.org/bare-events 4ms (cache hit)
828 timing idealTree:node_modules/streamx Completed in 6ms
829 silly fetch manifest bare-abort-controller@*
830 http fetch GET 200 https://registry.npmjs.org/bare-abort-controller 4ms (cache hit)
831 silly placeDep ROOT bare-events@2.8.2 OK for: events-universal@1.0.1 want: ^2.7.0
832 timing idealTree:node_modules/events-universal Completed in 6ms
833 timing idealTree:node_modules/bare-events Completed in 0ms
834 timing idealTree:node_modules/text-decoder Completed in 1ms
835 timing idealTree:node_modules/ts-deepmerge Completed in 0ms
836 timing idealTree:node_modules/tunnel-agent Completed in 0ms
837 silly placeDep ROOT domino@2.1.7 OK for: turndown@7.1.2 want: ^2.1.6
838 timing idealTree:node_modules/turndown Completed in 1ms
839 timing idealTree:node_modules/domino Completed in 0ms
840 timing idealTree:node_modules/universalify Completed in 0ms
841 timing idealTree:node_modules/untildify Completed in 0ms
842 timing idealTree:node_modules/uri-js Completed in 0ms
843 timing idealTree:node_modules/widest-line Completed in 0ms
844 timing idealTree:node_modules/wordwrap Completed in 0ms
845 timing idealTree:node_modules/zod Completed in 0ms
846 timing idealTree:node_modules/@expo/bunyan/node_modules/uuid Completed in 0ms
847 timing idealTree:node_modules/@expo/eas-build-job/node_modules/joi Completed in 0ms
848 silly placeDep node_modules/@expo/eas-json/node_modules/@babel/code-frame chalk@2.4.2 OK for: @babel/code-frame@7.23.5 want: ^2.4.2
849 silly fetch manifest ansi-styles@^3.2.1
850 silly fetch manifest supports-color@^5.3.0
851 http fetch GET 200 https://registry.npmjs.org/ansi-styles 11ms (cache hit)
852 timing idealTree:node_modules/@expo/eas-json/node_modules/@babel/code-frame Completed in 12ms
853 silly placeDep ROOT is-unicode-supported@0.1.0 OK for: log-symbols@4.1.0 want: ^0.1.0
854 timing idealTree:node_modules/@expo/eas-json/node_modules/log-symbols Completed in 2ms
855 timing idealTree:node_modules/is-unicode-supported Completed in 0ms
856 silly placeDep node_modules/@expo/eas-json lru-cache@6.0.0 OK for: semver@7.5.2 want: ^6.0.0
857 silly fetch manifest yallist@^4.0.0
858 timing idealTree:node_modules/@expo/eas-json/node_modules/semver Completed in 2ms
859 silly placeDep node_modules/@expo/eas-json yallist@4.0.0 OK for: lru-cache@6.0.0 want: ^4.0.0
860 timing idealTree:node_modules/@expo/eas-json/node_modules/lru-cache Completed in 1ms
861 timing idealTree:node_modules/@expo/eas-json/node_modules/tslib Completed in 0ms
862 timing idealTree:node_modules/@expo/eas-json/node_modules/yallist Completed in 0ms
863 silly fetch manifest @swc/core@>=1.2.50
864 http fetch GET 200 https://registry.npmjs.org/@swc%2fcore 8ms (cache hit)
865 silly fetch manifest @swc/helpers@>=0.5.17
866 http fetch GET 200 https://registry.npmjs.org/@swc%2fhelpers 4ms (cache hit)
867 silly fetch manifest @swc/wasm@>=1.2.50
868 http fetch GET 200 https://registry.npmjs.org/@swc%2fwasm 6ms (cache hit)
869 silly fetch manifest @types/node@*
870 http fetch GET 200 https://registry.npmjs.org/@types%2fnode 8ms (cache hit)
871 silly fetch manifest typescript@>=2.7
872 http fetch GET 200 https://registry.npmjs.org/typescript 20ms (cache hit)
873 silly placeDep ROOT @types/cli-progress@3.11.6 OK for: @oclif/core@2.16.0 want: ^3.11.0
874 silly placeDep ROOT cardinal@2.1.1 OK for: @oclif/core@2.16.0 want: ^2.1.1
875 silly placeDep ROOT globby@11.1.0 OK for: @oclif/core@2.16.0 want: ^11.1.0
876 silly placeDep ROOT hyperlinker@1.0.0 OK for: @oclif/core@2.16.0 want: ^1.0.0
877 silly placeDep ROOT natural-orderby@2.0.3 OK for: @oclif/core@2.16.0 want: ^2.0.3
878 silly placeDep ROOT object-treeify@1.1.33 OK for: @oclif/core@2.16.0 want: ^1.1.33
879 silly placeDep ROOT password-prompt@1.1.3 OK for: @oclif/core@2.16.0 want: ^1.1.2
880 silly placeDep ROOT slice-ansi@4.0.0 OK for: @oclif/core@2.16.0 want: ^4.0.0
881 silly placeDep node_modules/@expo/plugin-help supports-color@8.1.1 OK for: @oclif/core@2.16.0 want: ^8.1.1
882 silly placeDep ROOT ts-node@10.9.2 OK for: @oclif/core@2.16.0 want: ^10.9.1
883 silly fetch manifest ansicolors@~0.3.2
884 silly fetch manifest redeyed@~2.1.0
885 silly fetch manifest dir-glob@^3.0.1
886 silly fetch manifest array-union@^2.1.0
887 silly fetch manifest astral-regex@^2.0.0
888 silly fetch manifest yn@3.1.1
889 silly fetch manifest arg@^4.1.0
890 silly fetch manifest diff@^4.0.1
891 silly fetch manifest acorn-walk@^8.1.1
892 silly fetch manifest make-error@^1.1.1
893 silly fetch manifest create-require@^1.1.0
894 silly fetch manifest @tsconfig/node10@^1.0.7
895 silly fetch manifest @tsconfig/node12@^1.0.7
896 silly fetch manifest @tsconfig/node14@^1.0.0
897 silly fetch manifest @tsconfig/node16@^1.0.2
898 silly fetch manifest v8-compile-cache-lib@^3.0.1
899 silly fetch manifest @cspotcode/source-map-support@^0.8.0
900 http fetch GET 200 https://registry.npmjs.org/redeyed 28ms (cache hit)
901 http fetch GET 200 https://registry.npmjs.org/ansicolors 28ms (cache hit)
902 http fetch GET 200 https://registry.npmjs.org/astral-regex 29ms (cache hit)
903 http fetch GET 200 https://registry.npmjs.org/dir-glob 29ms (cache hit)
904 http fetch GET 200 https://registry.npmjs.org/array-union 29ms (cache hit)
905 http fetch GET 200 https://registry.npmjs.org/yn 28ms (cache hit)
906 http fetch GET 200 https://registry.npmjs.org/create-require 29ms (cache hit)
907 http fetch GET 200 https://registry.npmjs.org/@tsconfig%2fnode10 29ms (cache hit)
908 http fetch GET 200 https://registry.npmjs.org/arg 29ms (cache hit)
909 http fetch GET 200 https://registry.npmjs.org/acorn-walk 29ms (cache hit)
910 http fetch GET 200 https://registry.npmjs.org/@tsconfig%2fnode12 30ms (cache hit)
911 http fetch GET 200 https://registry.npmjs.org/@tsconfig%2fnode16 30ms (cache hit)
912 http fetch GET 200 https://registry.npmjs.org/@tsconfig%2fnode14 30ms (cache hit)
913 http fetch GET 200 https://registry.npmjs.org/make-error 31ms (cache hit)
914 http fetch GET 200 https://registry.npmjs.org/@cspotcode%2fsource-map-support 31ms (cache hit)
915 http fetch GET 200 https://registry.npmjs.org/v8-compile-cache-lib 31ms (cache hit)
916 timing idealTree:node_modules/@expo/plugin-help/node_modules/@oclif/core Completed in 167ms
917 timing idealTree:node_modules/@types/cli-progress Completed in 0ms
918 silly placeDep ROOT ansicolors@0.3.2 OK for: cardinal@2.1.1 want: ~0.3.2
919 silly placeDep ROOT redeyed@2.1.1 OK for: cardinal@2.1.1 want: ~2.1.0
920 timing idealTree:node_modules/cardinal Completed in 2ms
921 timing idealTree:node_modules/ansicolors Completed in 0ms
922 silly placeDep ROOT array-union@2.1.0 OK for: globby@11.1.0 want: ^2.1.0
923 silly placeDep ROOT dir-glob@3.0.1 OK for: globby@11.1.0 want: ^3.0.1
924 silly fetch manifest path-type@^4.0.0
925 http fetch GET 200 https://registry.npmjs.org/path-type 3ms (cache hit)
926 timing idealTree:node_modules/globby Completed in 5ms
927 timing idealTree:node_modules/array-union Completed in 0ms
928 silly placeDep ROOT path-type@4.0.0 OK for: dir-glob@3.0.1 want: ^4.0.0
929 timing idealTree:node_modules/dir-glob Completed in 2ms
930 timing idealTree:node_modules/hyperlinker Completed in 0ms
931 timing idealTree:node_modules/natural-orderby Completed in 0ms
932 timing idealTree:node_modules/object-treeify Completed in 0ms
933 timing idealTree:node_modules/password-prompt Completed in 0ms
934 timing idealTree:node_modules/path-type Completed in 0ms
935 timing idealTree:node_modules/redeyed Completed in 0ms
936 silly placeDep ROOT astral-regex@2.0.0 OK for: slice-ansi@4.0.0 want: ^2.0.0
937 timing idealTree:node_modules/slice-ansi Completed in 1ms
938 timing idealTree:node_modules/astral-regex Completed in 0ms
939 silly placeDep ROOT @cspotcode/source-map-support@0.8.1 OK for: ts-node@10.9.2 want: ^0.8.0
940 silly placeDep ROOT @tsconfig/node10@1.0.12 OK for: ts-node@10.9.2 want: ^1.0.7
941 silly placeDep ROOT @tsconfig/node12@1.0.11 OK for: ts-node@10.9.2 want: ^1.0.7
942 silly placeDep ROOT @tsconfig/node14@1.0.3 OK for: ts-node@10.9.2 want: ^1.0.0
943 silly placeDep ROOT @tsconfig/node16@1.0.4 OK for: ts-node@10.9.2 want: ^1.0.2
944 silly placeDep ROOT acorn-walk@8.3.5 OK for: ts-node@10.9.2 want: ^8.1.1
945 silly placeDep node_modules/ts-node arg@4.1.3 OK for: ts-node@10.9.2 want: ^4.1.0
946 silly placeDep ROOT create-require@1.1.1 OK for: ts-node@10.9.2 want: ^1.1.0
947 silly placeDep node_modules/ts-node diff@4.0.4 OK for: ts-node@10.9.2 want: ^4.0.1
948 silly placeDep ROOT make-error@1.3.6 OK for: ts-node@10.9.2 want: ^1.1.1
949 silly placeDep ROOT v8-compile-cache-lib@3.0.1 OK for: ts-node@10.9.2 want: ^3.0.1
950 silly placeDep ROOT yn@3.1.1 OK for: ts-node@10.9.2 want: 3.1.1
951 silly fetch manifest @jridgewell/trace-mapping@0.3.9
952 http fetch GET 200 https://registry.npmjs.org/@jridgewell%2ftrace-mapping 7ms (cache hit)
953 timing idealTree:node_modules/ts-node Completed in 18ms
954 silly placeDep node_modules/@cspotcode/source-map-support @jridgewell/trace-mapping@0.3.9 OK for: @cspotcode/source-map-support@0.8.1 want: 0.3.9
955 timing idealTree:node_modules/@cspotcode/source-map-support Completed in 1ms
956 timing idealTree:node_modules/@tsconfig/node10 Completed in 0ms
957 timing idealTree:node_modules/@tsconfig/node12 Completed in 0ms
958 timing idealTree:node_modules/@tsconfig/node14 Completed in 0ms
959 timing idealTree:node_modules/@tsconfig/node16 Completed in 0ms
960 timing idealTree:node_modules/acorn-walk Completed in 0ms
961 timing idealTree:node_modules/create-require Completed in 0ms
962 timing idealTree:node_modules/make-error Completed in 0ms
963 timing idealTree:node_modules/v8-compile-cache-lib Completed in 0ms
964 timing idealTree:node_modules/yn Completed in 0ms
965 timing idealTree:node_modules/@cspotcode/source-map-support/node_modules/@jridgewell/trace-mapping Completed in 0ms
966 timing idealTree:node_modules/@expo/plugin-help/node_modules/supports-color Completed in 0ms
967 silly placeDep node_modules/@expo/plugin-warn-if-update-available supports-color@8.1.1 OK for: @oclif/core@2.16.0 want: ^8.1.1
968 timing idealTree:node_modules/@expo/plugin-warn-if-update-available/node_modules/@oclif/core Completed in 1ms
969 timing idealTree:node_modules/@expo/plugin-warn-if-update-available/node_modules/fs-extra Completed in 0ms
970 timing idealTree:node_modules/@expo/plugin-warn-if-update-available/node_modules/supports-color Completed in 0ms
971 silly placeDep node_modules/@expo/prebuild-config @babel/code-frame@7.10.4 OK for: @expo/config@10.0.11 want: ~7.10.4
972 silly placeDep node_modules/@expo/prebuild-config getenv@1.0.0 OK for: @expo/config@10.0.11 want: ^1.0.0
973 silly placeDep node_modules/@expo/prebuild-config glob@10.5.0 OK for: @expo/config@10.0.11 want: ^10.4.2
974 silly placeDep node_modules/@expo/prebuild-config sucrase@3.35.0 OK for: @expo/config@10.0.11 want: 3.35.0
975 silly fetch manifest jackspeak@^3.1.2
976 silly fetch manifest path-scurry@^1.11.1
977 silly fetch manifest foreground-child@^3.1.0
978 silly fetch manifest package-json-from-dist@^1.0.0
979 silly fetch manifest commander@^4.0.0
980 http fetch GET 200 https://registry.npmjs.org/path-scurry 8ms (cache hit)
981 http fetch GET 200 https://registry.npmjs.org/jackspeak 9ms (cache hit)
982 http fetch GET 200 https://registry.npmjs.org/package-json-from-dist 10ms (cache hit)
983 http fetch GET 200 https://registry.npmjs.org/foreground-child 10ms (cache hit)
984 http fetch GET 200 https://registry.npmjs.org/commander 11ms (cache hit)
985 timing idealTree:node_modules/@expo/prebuild-config/node_modules/@expo/config Completed in 16ms
986 timing idealTree:node_modules/@expo/prebuild-config/node_modules/@babel/code-frame Completed in 0ms
987 silly placeDep node_modules/@expo/prebuild-config/node_modules/@expo/config-plugins @expo/json-file@9.0.2 OK for: @expo/config-plugins@9.0.17 want: ~9.0.2
988 silly placeDep node_modules/@expo/prebuild-config @expo/plist@0.2.2 OK for: @expo/config-plugins@9.0.17 want: ^0.2.2
989 timing idealTree:node_modules/@expo/prebuild-config/node_modules/@expo/config-plugins Completed in 1ms
990 timing idealTree:node_modules/@expo/prebuild-config/node_modules/@expo/config-types Completed in 0ms
991 silly placeDep node_modules/@expo/prebuild-config/node_modules/@expo/image-utils fs-extra@9.0.0 OK for: @expo/image-utils@0.6.5 want: 9.0.0
992 silly placeDep ROOT temp-dir@2.0.0 OK for: @expo/image-utils@0.6.5 want: ~2.0.0
993 silly placeDep ROOT unique-string@2.0.0 OK for: @expo/image-utils@0.6.5 want: ~2.0.0
994 silly fetch manifest universalify@^1.0.0
995 silly fetch manifest crypto-random-string@^2.0.0
996 http fetch GET 200 https://registry.npmjs.org/crypto-random-string 6ms (cache hit)
997 timing idealTree:node_modules/@expo/prebuild-config/node_modules/@expo/image-utils Completed in 8ms
998 timing idealTree:node_modules/temp-dir Completed in 0ms
999 silly placeDep ROOT crypto-random-string@2.0.0 OK for: unique-string@2.0.0 want: ^2.0.0
1000 timing idealTree:node_modules/unique-string Completed in 0ms
1001 timing idealTree:node_modules/crypto-random-string Completed in 0ms
1002 timing idealTree:node_modules/@expo/prebuild-config/node_modules/@expo/json-file Completed in 0ms
1003 silly placeDep node_modules/@expo/prebuild-config @xmldom/xmldom@0.7.13 OK for: @expo/plist@0.2.2 want: ~0.7.7
1004 silly placeDep node_modules/@expo/prebuild-config xmlbuilder@14.0.0 OK for: @expo/plist@0.2.2 want: ^14.0.0
1005 timing idealTree:node_modules/@expo/prebuild-config/node_modules/@expo/plist Completed in 1ms
1006 timing idealTree:node_modules/@expo/prebuild-config/node_modules/@react-native/normalize-colors Completed in 0ms
1007 timing idealTree:node_modules/@expo/prebuild-config/node_modules/@xmldom/xmldom Completed in 0ms
1008 silly placeDep ROOT at-least-node@1.0.0 OK for: fs-extra@9.1.0 want: ^1.0.0
1009 timing idealTree:node_modules/@expo/prebuild-config/node_modules/fs-extra Completed in 1ms
1010 timing idealTree:node_modules/at-least-node Completed in 0ms
1011 timing idealTree:node_modules/@expo/prebuild-config/node_modules/getenv Completed in 0ms
1012 silly placeDep ROOT foreground-child@3.3.1 OK for: glob@10.5.0 want: ^3.1.0
1013 silly placeDep ROOT jackspeak@3.4.3 OK for: glob@10.5.0 want: ^3.1.2
1014 silly placeDep ROOT package-json-from-dist@1.0.1 OK for: glob@10.5.0 want: ^1.0.0
1015 silly placeDep node_modules/@expo/prebuild-config path-scurry@1.11.1 OK for: glob@10.5.0 want: ^1.11.1
1016 silly fetch manifest signal-exit@^4.0.1
1017 silly fetch manifest @isaacs/cliui@^8.0.2
1018 silly fetch manifest @pkgjs/parseargs@^0.11.0
1019 silly fetch manifest lru-cache@^10.2.0
1020 http fetch GET 200 https://registry.npmjs.org/@pkgjs%2fparseargs 8ms (cache hit)
1021 http fetch GET 200 https://registry.npmjs.org/@isaacs%2fcliui 8ms (cache hit)
1022 http fetch GET 200 https://registry.npmjs.org/signal-exit 9ms (cache hit)
1023 timing idealTree:node_modules/@expo/prebuild-config/node_modules/glob Completed in 12ms
1024 silly placeDep node_modules/foreground-child signal-exit@4.1.0 OK for: foreground-child@3.3.1 want: ^4.0.1
1025 timing idealTree:node_modules/foreground-child Completed in 0ms
1026 silly placeDep ROOT @isaacs/cliui@8.0.2 OK for: jackspeak@3.4.3 want: ^8.0.2
1027 silly placeDep ROOT @pkgjs/parseargs@0.11.0 OK for: jackspeak@3.4.3 want: ^0.11.0
1028 silly fetch manifest wrap-ansi@^8.1.0
1029 silly fetch manifest strip-ansi@^7.0.1
1030 silly fetch manifest string-width@^5.1.2
1031 silly fetch manifest wrap-ansi-cjs@npm:wrap-ansi@^7.0.0
1032 silly fetch manifest strip-ansi-cjs@npm:strip-ansi@^6.0.1
1033 silly fetch manifest string-width-cjs@npm:string-width@^4.2.0
1034 http fetch GET 200 https://registry.npmjs.org/wrap-ansi 10ms (cache hit)
1035 http fetch GET 200 https://registry.npmjs.org/string-width 10ms (cache hit)
1036 http fetch GET 200 https://registry.npmjs.org/strip-ansi 11ms (cache hit)
1037 http fetch GET 200 https://registry.npmjs.org/wrap-ansi 10ms (cache hit)
1038 http fetch GET 200 https://registry.npmjs.org/strip-ansi 11ms (cache hit)
1039 http fetch GET 200 https://registry.npmjs.org/string-width 12ms (cache hit)
1040 timing idealTree:node_modules/jackspeak Completed in 14ms
1041 silly placeDep node_modules/@isaacs/cliui string-width@5.1.2 OK for: @isaacs/cliui@8.0.2 want: ^5.1.2
1042 silly placeDep ROOT string-width-cjs@4.2.3 OK for: @isaacs/cliui@8.0.2 want: npm:string-width@^4.2.0
1043 silly placeDep node_modules/@isaacs/cliui strip-ansi@7.2.0 OK for: @isaacs/cliui@8.0.2 want: ^7.0.1
1044 silly placeDep ROOT strip-ansi-cjs@6.0.1 OK for: @isaacs/cliui@8.0.2 want: npm:strip-ansi@^6.0.1
1045 silly placeDep node_modules/@isaacs/cliui wrap-ansi@8.1.0 OK for: @isaacs/cliui@8.0.2 want: ^8.1.0
1046 silly placeDep ROOT wrap-ansi-cjs@7.0.0 OK for: @isaacs/cliui@8.0.2 want: npm:wrap-ansi@^7.0.0
1047 silly fetch manifest emoji-regex@^9.2.2
1048 silly fetch manifest eastasianwidth@^0.2.0
1049 silly fetch manifest ansi-regex@^6.2.2
1050 silly fetch manifest ansi-styles@^6.1.0
1051 http fetch GET 200 https://registry.npmjs.org/emoji-regex 7ms (cache hit)
1052 http fetch GET 200 https://registry.npmjs.org/eastasianwidth 6ms (cache hit)
1053 http fetch GET 200 https://registry.npmjs.org/ansi-regex 7ms (cache hit)
1054 timing idealTree:node_modules/@isaacs/cliui Completed in 12ms
1055 timing idealTree:node_modules/@pkgjs/parseargs Completed in 0ms
1056 timing idealTree:node_modules/package-json-from-dist Completed in 0ms
1057 timing idealTree:node_modules/string-width-cjs Completed in 0ms
1058 timing idealTree:node_modules/strip-ansi-cjs Completed in 0ms
1059 timing idealTree:node_modules/wrap-ansi-cjs Completed in 0ms
1060 silly placeDep node_modules/@expo/prebuild-config lru-cache@10.4.3 OK for: path-scurry@1.11.1 want: ^10.2.0
1061 timing idealTree:node_modules/@expo/prebuild-config/node_modules/path-scurry Completed in 1ms
1062 timing idealTree:node_modules/@expo/prebuild-config/node_modules/lru-cache Completed in 0ms
1063 silly placeDep node_modules/@expo/prebuild-config commander@4.1.1 OK for: sucrase@3.35.0 want: ^4.0.0
1064 timing idealTree:node_modules/@expo/prebuild-config/node_modules/sucrase Completed in 1ms
1065 timing idealTree:node_modules/@expo/prebuild-config/node_modules/commander Completed in 0ms
1066 timing idealTree:node_modules/@expo/prebuild-config/node_modules/xmlbuilder Completed in 0ms
1067 timing idealTree:node_modules/@expo/rudder-sdk-node/node_modules/uuid Completed in 0ms
1068 timing idealTree:node_modules/@expo/steps/node_modules/joi Completed in 0ms
1069 timing idealTree:node_modules/@expo/steps/node_modules/uuid Completed in 0ms
1070 silly placeDep ROOT eastasianwidth@0.2.0 OK for: string-width@5.1.2 want: ^0.2.0
1071 silly placeDep node_modules/@isaacs/cliui emoji-regex@9.2.2 OK for: string-width@5.1.2 want: ^9.2.2
1072 timing idealTree:node_modules/@isaacs/cliui/node_modules/string-width Completed in 2ms
1073 timing idealTree:node_modules/eastasianwidth Completed in 0ms
1074 timing idealTree:node_modules/@isaacs/cliui/node_modules/emoji-regex Completed in 0ms
1075 silly placeDep node_modules/@isaacs/cliui ansi-regex@6.2.2 OK for: strip-ansi@7.2.0 want: ^6.2.2
1076 timing idealTree:node_modules/@isaacs/cliui/node_modules/strip-ansi Completed in 0ms
1077 timing idealTree:node_modules/@isaacs/cliui/node_modules/ansi-regex Completed in 0ms
1078 silly placeDep node_modules/@isaacs/cliui ansi-styles@6.2.3 OK for: wrap-ansi@8.1.0 want: ^6.1.0
1079 timing idealTree:node_modules/@isaacs/cliui/node_modules/wrap-ansi Completed in 1ms
1080 timing idealTree:node_modules/@isaacs/cliui/node_modules/ansi-styles Completed in 0ms
1081 silly placeDep node_modules/@oclif/core brace-expansion@5.0.6 OK for: minimatch@10.2.5 want: ^5.0.5
1082 silly fetch manifest balanced-match@^4.0.2
1083 http fetch GET 200 https://registry.npmjs.org/balanced-match 6ms (cache hit)
1084 timing idealTree:node_modules/@oclif/core/node_modules/minimatch Completed in 7ms
1085 silly placeDep node_modules/@oclif/core balanced-match@4.0.4 OK for: brace-expansion@5.0.6 want: ^4.0.2
1086 timing idealTree:node_modules/@oclif/core/node_modules/brace-expansion Completed in 1ms
1087 timing idealTree:node_modules/@oclif/core/node_modules/balanced-match Completed in 0ms
1088 timing idealTree:node_modules/@oclif/core/node_modules/supports-color Completed in 0ms
1089 timing idealTree:node_modules/@sentry-internal/tracing/node_modules/@sentry/core Completed in 0ms
1090 timing idealTree:node_modules/@sentry-internal/tracing/node_modules/@sentry/types Completed in 0ms
1091 timing idealTree:node_modules/@sentry/node/node_modules/@sentry/core Completed in 0ms
1092 timing idealTree:node_modules/@sentry/node/node_modules/@sentry/types Completed in 0ms
1093 silly placeDep node_modules/@sentry/node agent-base@6.0.2 OK for: https-proxy-agent@5.0.1 want: 6
1094 timing idealTree:node_modules/@sentry/node/node_modules/https-proxy-agent Completed in 1ms
1095 timing idealTree:node_modules/@sentry/node/node_modules/agent-base Completed in 0ms
1096 timing idealTree:node_modules/@sentry/utils/node_modules/@sentry/types Completed in 0ms
1097 timing idealTree:node_modules/eas-cli/node_modules/@expo/code-signing-certificates Completed in 0ms
1098 silly fetch manifest typescript@^5.0.0 || ^5.0.0-0
1099 silly placeDep node_modules/eas-cli @expo/config-types@55.0.5 OK for: @expo/config@55.0.10 want: ^55.0.5
1100 silly placeDep node_modules/eas-cli/node_modules/@expo/config @expo/json-file@10.0.14 OK for: @expo/config@55.0.10 want: ^10.0.12
1101 silly placeDep ROOT @expo/require-utils@55.0.5 OK for: @expo/config@55.0.10 want: ^55.0.3
1102 silly placeDep node_modules/eas-cli/node_modules/@expo/config getenv@2.0.0 OK for: @expo/config@55.0.10 want: ^2.0.0
1103 silly placeDep node_modules/eas-cli/node_modules/@expo/config semver@7.8.0 OK for: @expo/config@55.0.10 want: ^7.6.0
1104 timing idealTree:node_modules/eas-cli/node_modules/@expo/config Completed in 29ms
1105 timing idealTree:node_modules/@expo/require-utils Completed in 0ms
1106 silly placeDep node_modules/eas-cli/node_modules/@expo/config-plugins @expo/json-file@10.0.14 OK for: @expo/config-plugins@55.0.7 want: ~10.0.12
1107 silly placeDep node_modules/eas-cli/node_modules/@expo/config-plugins @expo/plist@0.5.3 OK for: @expo/config-plugins@55.0.7 want: ^0.5.2
1108 silly placeDep node_modules/eas-cli/node_modules/@expo/config-plugins getenv@2.0.0 OK for: @expo/config-plugins@55.0.7 want: ^2.0.0
1109 timing idealTree:node_modules/eas-cli/node_modules/@expo/config-plugins Completed in 2ms
1110 timing idealTree:node_modules/eas-cli/node_modules/@expo/config-types Completed in 0ms
1111 silly placeDep node_modules/eas-cli/node_modules/@expo/env dotenv@16.4.7 OK for: @expo/env@1.0.7 want: ~16.4.5
1112 silly placeDep node_modules/eas-cli/node_modules/@expo/env getenv@2.0.0 OK for: @expo/env@1.0.7 want: ^2.0.0
1113 timing idealTree:node_modules/eas-cli/node_modules/@expo/env Completed in 1ms
1114 silly placeDep node_modules/eas-cli/node_modules/@expo/json-file @babel/code-frame@7.10.4 OK for: @expo/json-file@8.3.3 want: ~7.10.4
1115 silly placeDep node_modules/eas-cli write-file-atomic@2.4.3 OK for: @expo/json-file@8.3.3 want: ^2.3.0
1116 timing idealTree:node_modules/eas-cli/node_modules/@expo/json-file Completed in 2ms
1117 silly placeDep ROOT exec-async@2.2.0 OK for: @expo/osascript@2.1.4 want: ^2.2.0
1118 timing idealTree:node_modules/eas-cli/node_modules/@expo/osascript Completed in 1ms
1119 timing idealTree:node_modules/exec-async Completed in 0ms
1120 silly placeDep node_modules/eas-cli/node_modules/@expo/package-manager @expo/json-file@10.0.14 OK for: @expo/package-manager@1.9.10 want: ^10.0.8
1121 silly placeDep node_modules/eas-cli/node_modules/@expo/package-manager ora@3.4.0 OK for: @expo/package-manager@1.9.10 want: ^3.4.0
1122 silly fetch manifest strip-ansi@^5.2.0
1123 silly fetch manifest log-symbols@^2.2.0
1124 timing idealTree:node_modules/eas-cli/node_modules/@expo/package-manager Completed in 2ms
1125 silly placeDep node_modules/eas-cli/node_modules/@expo/plist @xmldom/xmldom@0.7.13 OK for: @expo/plist@0.2.0 want: ~0.7.7
1126 silly placeDep node_modules/eas-cli/node_modules/@expo/plist xmlbuilder@14.0.0 OK for: @expo/plist@0.2.0 want: ^14.0.0
1127 timing idealTree:node_modules/eas-cli/node_modules/@expo/plist Completed in 1ms
1128 timing idealTree:node_modules/eas-cli/node_modules/@urql/core Completed in 0ms
1129 timing idealTree:node_modules/eas-cli/node_modules/@urql/exchange-retry Completed in 1ms
1130 timing idealTree:node_modules/eas-cli/node_modules/dotenv Completed in 0ms
1131 timing idealTree:node_modules/eas-cli/node_modules/getenv Completed in 0ms
1132 silly placeDep node_modules/eas-cli agent-base@6.0.2 OK for: https-proxy-agent@5.0.1 want: 6
1133 timing idealTree:node_modules/eas-cli/node_modules/https-proxy-agent Completed in 1ms
1134 timing idealTree:node_modules/eas-cli/node_modules/agent-base Completed in 0ms
1135 timing idealTree:node_modules/eas-cli/node_modules/ignore Completed in 0ms
1136 timing idealTree:node_modules/eas-cli/node_modules/log-symbols Completed in 0ms
1137 timing idealTree:node_modules/eas-cli/node_modules/mime Completed in 0ms
1138 timing idealTree:node_modules/eas-cli/node_modules/minimatch Completed in 0ms
1139 silly placeDep node_modules/eas-cli rimraf@5.0.10 OK for: minizlib@3.0.1 want: ^5.0.5
1140 silly fetch manifest glob@^10.3.7
1141 timing idealTree:node_modules/eas-cli/node_modules/minizlib Completed in 1ms
1142 timing idealTree:node_modules/eas-cli/node_modules/nanoid Completed in 0ms
1143 timing idealTree:node_modules/eas-cli/node_modules/node-fetch Completed in 0ms
1144 timing idealTree:node_modules/eas-cli/node_modules/node-forge Completed in 0ms
1145 silly placeDep node_modules/eas-cli/node_modules/ora cli-cursor@3.1.0 OK for: ora@5.1.0 want: ^3.1.0
1146 silly placeDep ROOT is-interactive@1.0.0 OK for: ora@5.1.0 want: ^1.0.0
1147 silly placeDep ROOT mute-stream@0.0.8 OK for: ora@5.1.0 want: 0.0.8
1148 silly fetch manifest restore-cursor@^3.1.0
1149 http fetch GET 200 https://registry.npmjs.org/restore-cursor 5ms (cache hit)
1150 timing idealTree:node_modules/eas-cli/node_modules/ora Completed in 9ms
1151 timing idealTree:node_modules/is-interactive Completed in 0ms
1152 timing idealTree:node_modules/mute-stream Completed in 0ms
1153 timing idealTree:node_modules/eas-cli/node_modules/pngjs Completed in 0ms
1154 timing idealTree:node_modules/eas-cli/node_modules/qrcode-terminal Completed in 0ms
1155 silly placeDep node_modules/eas-cli/node_modules/rimraf glob@10.5.0 OK for: rimraf@5.0.10 want: ^10.3.7
1156 silly fetch manifest minimatch@^9.0.4
1157 timing idealTree:node_modules/eas-cli/node_modules/rimraf Completed in 1ms
1158 silly placeDep node_modules/eas-cli lru-cache@6.0.0 OK for: semver@7.5.4 want: ^6.0.0
1159 timing idealTree:node_modules/eas-cli/node_modules/semver Completed in 1ms
1160 silly placeDep node_modules/eas-cli yallist@4.0.0 OK for: lru-cache@6.0.0 want: ^4.0.0
1161 timing idealTree:node_modules/eas-cli/node_modules/lru-cache Completed in 1ms
1162 silly placeDep node_modules/eas-cli/node_modules/tar minizlib@3.1.0 OK for: tar@7.5.7 want: ^3.1.0
1163 silly placeDep node_modules/eas-cli/node_modules/tar yallist@5.0.0 OK for: tar@7.5.7 want: ^5.0.0
1164 timing idealTree:node_modules/eas-cli/node_modules/tar Completed in 1ms
1165 timing idealTree:node_modules/eas-cli/node_modules/tslib Completed in 0ms
1166 timing idealTree:node_modules/eas-cli/node_modules/uuid Completed in 0ms
1167 timing idealTree:node_modules/eas-cli/node_modules/write-file-atomic Completed in 0ms
1168 timing idealTree:node_modules/eas-cli/node_modules/yallist Completed in 0ms
1169 timing idealTree:node_modules/eas-cli/node_modules/yaml Completed in 0ms
1170 timing idealTree:node_modules/error-ex/node_modules/is-arrayish Completed in 0ms
1171 timing idealTree:node_modules/figures/node_modules/escape-string-regexp Completed in 0ms
1172 timing idealTree:node_modules/filelist/node_modules/minimatch Completed in 0ms
1173 timing idealTree:node_modules/foreground-child/node_modules/signal-exit Completed in 0ms
1174 timing idealTree:node_modules/mv/node_modules/mkdirp Completed in 0ms
1175 silly placeDep node_modules/mv glob@6.0.4 OK for: rimraf@2.4.5 want: ^6.0.1
1176 silly fetch manifest minimatch@2 || 3
1177 timing idealTree:node_modules/mv/node_modules/rimraf Completed in 2ms
1178 silly placeDep node_modules/mv minimatch@3.1.5 OK for: glob@6.0.4 want: 2 || 3
1179 silly fetch manifest brace-expansion@^1.1.7
1180 timing idealTree:node_modules/mv/node_modules/glob Completed in 1ms
1181 silly placeDep node_modules/mv brace-expansion@1.1.14 OK for: minimatch@3.1.5 want: ^1.1.7
1182 timing idealTree:node_modules/mv/node_modules/minimatch Completed in 1ms
1183 timing idealTree:node_modules/mv/node_modules/brace-expansion Completed in 0ms
1184 timing idealTree:node_modules/ts-node/node_modules/arg Completed in 0ms
1185 timing idealTree:node_modules/ts-node/node_modules/diff Completed in 0ms
1186 silly placeDep node_modules/@expo/eas-json ansi-styles@3.2.1 OK for: chalk@2.4.2 want: ^3.2.1
1187 silly placeDep node_modules/@expo/eas-json escape-string-regexp@1.0.5 OK for: chalk@2.4.2 want: ^1.0.5
1188 silly placeDep node_modules/@expo/eas-json supports-color@5.5.0 OK for: chalk@2.4.2 want: ^5.3.0
1189 silly fetch manifest color-convert@^1.9.0
1190 silly fetch manifest has-flag@^3.0.0
1191 http fetch GET 200 https://registry.npmjs.org/has-flag 6ms (cache hit)
1192 http fetch GET 200 https://registry.npmjs.org/color-convert 7ms (cache hit)
1193 timing idealTree:node_modules/@expo/eas-json/node_modules/@babel/code-frame/node_modules/chalk Completed in 9ms
1194 silly placeDep node_modules/@expo/eas-json color-convert@1.9.3 OK for: ansi-styles@3.2.1 want: ^1.9.0
1195 silly fetch manifest color-name@1.1.3
1196 http fetch GET 200 https://registry.npmjs.org/color-name 5ms (cache hit)
1197 timing idealTree:node_modules/@expo/eas-json/node_modules/ansi-styles Completed in 6ms
1198 silly placeDep node_modules/@expo/eas-json color-name@1.1.3 OK for: color-convert@1.9.3 want: 1.1.3
1199 timing idealTree:node_modules/@expo/eas-json/node_modules/color-convert Completed in 1ms
1200 timing idealTree:node_modules/@expo/eas-json/node_modules/color-name Completed in 0ms
1201 timing idealTree:node_modules/@expo/eas-json/node_modules/escape-string-regexp Completed in 0ms
1202 silly placeDep node_modules/@expo/eas-json has-flag@3.0.0 OK for: supports-color@5.5.0 want: ^3.0.0
1203 timing idealTree:node_modules/@expo/eas-json/node_modules/supports-color Completed in 1ms
1204 timing idealTree:node_modules/@expo/eas-json/node_modules/has-flag Completed in 0ms
1205 silly placeDep node_modules/@expo/prebuild-config write-file-atomic@2.4.3 OK for: @expo/json-file@9.0.2 want: ^2.3.0
1206 timing idealTree:node_modules/@expo/prebuild-config/node_modules/@expo/config-plugins/node_modules/@expo/json-file Completed in 1ms
1207 timing idealTree:node_modules/@expo/prebuild-config/node_modules/write-file-atomic Completed in 0ms
1208 silly placeDep node_modules/@expo/prebuild-config/node_modules/@expo/image-utils universalify@1.0.0 OK for: fs-extra@9.0.0 want: ^1.0.0
1209 timing idealTree:node_modules/@expo/prebuild-config/node_modules/@expo/image-utils/node_modules/fs-extra Completed in 0ms
1210 timing idealTree:node_modules/@expo/prebuild-config/node_modules/@expo/image-utils/node_modules/universalify Completed in 0ms
1211 timing idealTree:node_modules/eas-cli/node_modules/@expo/config-plugins/node_modules/@expo/json-file Completed in 0ms
1212 timing idealTree:node_modules/eas-cli/node_modules/@expo/config-plugins/node_modules/@expo/plist Completed in 0ms
1213 timing idealTree:node_modules/eas-cli/node_modules/@expo/config-plugins/node_modules/getenv Completed in 0ms
1214 timing idealTree:node_modules/eas-cli/node_modules/@expo/config/node_modules/@expo/json-file Completed in 0ms
1215 timing idealTree:node_modules/eas-cli/node_modules/@expo/config/node_modules/getenv Completed in 0ms
1216 timing idealTree:node_modules/eas-cli/node_modules/@expo/config/node_modules/semver Completed in 0ms
1217 timing idealTree:node_modules/eas-cli/node_modules/@expo/env/node_modules/dotenv Completed in 0ms
1218 timing idealTree:node_modules/eas-cli/node_modules/@expo/env/node_modules/getenv Completed in 0ms
1219 timing idealTree:node_modules/eas-cli/node_modules/@expo/json-file/node_modules/@babel/code-frame Completed in 0ms
1220 timing idealTree:node_modules/eas-cli/node_modules/@expo/package-manager/node_modules/@expo/json-file Completed in 0ms
1221 silly placeDep node_modules/eas-cli/node_modules/@expo/package-manager/node_modules/ora chalk@2.4.2 OK for: ora@3.4.0 want: ^2.4.2
1222 silly placeDep node_modules/eas-cli/node_modules/@expo/package-manager log-symbols@2.2.0 OK for: ora@3.4.0 want: ^2.2.0
1223 silly placeDep node_modules/eas-cli/node_modules/@expo/package-manager strip-ansi@5.2.0 OK for: ora@3.4.0 want: ^5.2.0
1224 silly fetch manifest chalk@^2.0.1
1225 silly fetch manifest ansi-regex@^4.1.0
1226 timing idealTree:node_modules/eas-cli/node_modules/@expo/package-manager/node_modules/ora Completed in 3ms
1227 silly placeDep node_modules/eas-cli/node_modules/@expo/package-manager/node_modules/log-symbols chalk@2.4.2 OK for: log-symbols@2.2.0 want: ^2.0.1
1228 timing idealTree:node_modules/eas-cli/node_modules/@expo/package-manager/node_modules/log-symbols Completed in 1ms
1229 silly placeDep node_modules/eas-cli ansi-regex@4.1.1 OK for: strip-ansi@5.2.0 want: ^4.1.0
1230 timing idealTree:node_modules/eas-cli/node_modules/@expo/package-manager/node_modules/strip-ansi Completed in 1ms
1231 timing idealTree:node_modules/eas-cli/node_modules/ansi-regex Completed in 0ms
1232 timing idealTree:node_modules/eas-cli/node_modules/@expo/plist/node_modules/@xmldom/xmldom Completed in 0ms
1233 timing idealTree:node_modules/eas-cli/node_modules/@expo/plist/node_modules/xmlbuilder Completed in 0ms
1234 silly placeDep node_modules/eas-cli restore-cursor@3.1.0 OK for: cli-cursor@3.1.0 want: ^3.1.0
1235 silly fetch manifest onetime@^5.1.0
1236 http fetch GET 200 https://registry.npmjs.org/onetime 6ms (cache hit)
1237 timing idealTree:node_modules/eas-cli/node_modules/ora/node_modules/cli-cursor Completed in 7ms
1238 silly placeDep node_modules/eas-cli onetime@5.1.2 OK for: restore-cursor@3.1.0 want: ^5.1.0
1239 silly fetch manifest mimic-fn@^2.1.0
1240 http fetch GET 200 https://registry.npmjs.org/mimic-fn 5ms (cache hit)
1241 timing idealTree:node_modules/eas-cli/node_modules/restore-cursor Completed in 7ms
1242 silly placeDep node_modules/eas-cli mimic-fn@2.1.0 OK for: onetime@5.1.2 want: ^2.1.0
1243 timing idealTree:node_modules/eas-cli/node_modules/onetime Completed in 1ms
1244 timing idealTree:node_modules/eas-cli/node_modules/mimic-fn Completed in 0ms
1245 silly placeDep node_modules/eas-cli/node_modules/rimraf minimatch@9.0.9 OK for: glob@10.5.0 want: ^9.0.4
1246 silly placeDep node_modules/eas-cli path-scurry@1.11.1 OK for: glob@10.5.0 want: ^1.11.1
1247 timing idealTree:node_modules/eas-cli/node_modules/rimraf/node_modules/glob Completed in 1ms
1248 silly placeDep node_modules/eas-cli/node_modules/path-scurry lru-cache@10.4.3 OK for: path-scurry@1.11.1 want: ^10.2.0
1249 timing idealTree:node_modules/eas-cli/node_modules/path-scurry Completed in 1ms
1250 timing idealTree:node_modules/eas-cli/node_modules/path-scurry/node_modules/lru-cache Completed in 0ms
1251 timing idealTree:node_modules/eas-cli/node_modules/rimraf/node_modules/minimatch Completed in 0ms
1252 timing idealTree:node_modules/eas-cli/node_modules/tar/node_modules/minizlib Completed in 0ms
1253 timing idealTree:node_modules/eas-cli/node_modules/tar/node_modules/yallist Completed in 0ms
1254 silly placeDep node_modules/eas-cli ansi-styles@3.2.1 OK for: chalk@2.4.2 want: ^3.2.1
1255 silly placeDep node_modules/eas-cli escape-string-regexp@1.0.5 OK for: chalk@2.4.2 want: ^1.0.5
1256 silly placeDep node_modules/eas-cli supports-color@5.5.0 OK for: chalk@2.4.2 want: ^5.3.0
1257 timing idealTree:node_modules/eas-cli/node_modules/@expo/package-manager/node_modules/log-symbols/node_modules/chalk Completed in 2ms
1258 silly placeDep node_modules/eas-cli color-convert@1.9.3 OK for: ansi-styles@3.2.1 want: ^1.9.0
1259 timing idealTree:node_modules/eas-cli/node_modules/ansi-styles Completed in 0ms
1260 silly placeDep node_modules/eas-cli color-name@1.1.3 OK for: color-convert@1.9.3 want: 1.1.3
1261 timing idealTree:node_modules/eas-cli/node_modules/color-convert Completed in 1ms
1262 timing idealTree:node_modules/eas-cli/node_modules/color-name Completed in 0ms
1263 timing idealTree:node_modules/eas-cli/node_modules/escape-string-regexp Completed in 0ms
1264 silly placeDep node_modules/eas-cli has-flag@3.0.0 OK for: supports-color@5.5.0 want: ^3.0.0
1265 timing idealTree:node_modules/eas-cli/node_modules/supports-color Completed in 1ms
1266 timing idealTree:node_modules/eas-cli/node_modules/has-flag Completed in 0ms
1267 timing idealTree:node_modules/eas-cli/node_modules/@expo/package-manager/node_modules/ora/node_modules/chalk Completed in 0ms
1268 timing idealTree:buildDeps Completed in 1654ms
1269 timing idealTree:fixDepFlags Completed in 12ms
1270 timing idealTree Completed in 1972ms
1271 timing reify:loadTrees Completed in 1973ms
1272 timing reify:diffTrees Completed in 61ms
1273 silly reify mark retired [
1273 silly reify   'E:\\opensource\\insurance-crm\\node_modules\\semver',
1273 silly reify   'E:\\opensource\\insurance-crm\\node_modules\\.bin\\semver',
1273 silly reify   'E:\\opensource\\insurance-crm\\node_modules\\.bin\\semver.cmd',
1273 silly reify   'E:\\opensource\\insurance-crm\\node_modules\\.bin\\semver.ps1'
1273 silly reify ]
1274 silly reify moves {
1274 silly reify   'E:\\opensource\\insurance-crm\\node_modules\\semver': 'E:\\opensource\\insurance-crm\\node_modules\\.semver-PfbCoC0k',
1274 silly reify   'E:\\opensource\\insurance-crm\\node_modules\\.bin\\semver': 'E:\\opensource\\insurance-crm\\node_modules\\.bin\\.semver-I1nlo4t2',
1274 silly reify   'E:\\opensource\\insurance-crm\\node_modules\\.bin\\semver.cmd': 'E:\\opensource\\insurance-crm\\node_modules\\.bin\\.semver.cmd-6e4v4yg2',
1274 silly reify   'E:\\opensource\\insurance-crm\\node_modules\\.bin\\semver.ps1': 'E:\\opensource\\insurance-crm\\node_modules\\.bin\\.semver.ps1-O4aYrRh4'
1274 silly reify }
1275 timing reify:retireShallow Completed in 7ms
1276 timing reify:createSparse Completed in 107ms
1277 timing reify:loadBundles Completed in 0ms
1278 silly audit bulk request {
1278 silly audit   '@0no-co/graphql.web': [ '1.2.0' ],
1278 silly audit   '@babel/code-frame': [ '7.29.0', '7.10.4', '7.23.5' ],
1278 silly audit   '@babel/compat-data': [ '7.29.0' ],
1278 silly audit   '@babel/core': [ '7.29.0' ],
1278 silly audit   semver: [ '6.3.1', '7.5.4', '7.5.2', '7.8.0' ],
1278 silly audit   '@babel/generator': [ '7.29.1' ],
1278 silly audit   '@babel/helper-annotate-as-pure': [ '7.27.3' ],
1278 silly audit   '@babel/helper-compilation-targets': [ '7.28.6' ],
1278 silly audit   '@babel/helper-create-class-features-plugin': [ '7.28.6' ],
1278 silly audit   '@babel/helper-create-regexp-features-plugin': [ '7.28.5' ],
1278 silly audit   '@babel/helper-define-polyfill-provider': [ '0.6.8' ],
1278 silly audit   '@babel/helper-globals': [ '7.28.0' ],
1278 silly audit   '@babel/helper-member-expression-to-functions': [ '7.28.5' ],
1278 silly audit   '@babel/helper-module-imports': [ '7.28.6' ],
1278 silly audit   '@babel/helper-module-transforms': [ '7.28.6' ],
1278 silly audit   '@babel/helper-optimise-call-expression': [ '7.27.1' ],
1278 silly audit   '@babel/helper-plugin-utils': [ '7.28.6' ],
1278 silly audit   '@babel/helper-remap-async-to-generator': [ '7.27.1' ],
1278 silly audit   '@babel/helper-replace-supers': [ '7.28.6' ],
1278 silly audit   '@babel/helper-skip-transparent-expression-wrappers': [ '7.27.1' ],
1278 silly audit   '@babel/helper-string-parser': [ '7.27.1' ],
1278 silly audit   '@babel/helper-validator-identifier': [ '7.28.5' ],
1278 silly audit   '@babel/helper-validator-option': [ '7.27.1' ],
1278 silly audit   '@babel/helper-wrap-function': [ '7.28.6' ],
1278 silly audit   '@babel/helpers': [ '7.29.2' ],
1278 silly audit   '@babel/highlight': [ '7.25.9' ],
1278 silly audit   'ansi-styles': [ '3.2.1', '4.3.0', '5.2.0', '6.2.3' ],
1278 silly audit   chalk: [ '2.4.2', '4.1.2' ],
1278 silly audit   'color-convert': [ '1.9.3', '2.0.1' ],
1278 silly audit   'color-name': [ '1.1.3', '1.1.4' ],
1278 silly audit   'escape-string-regexp': [ '1.0.5', '4.0.0', '2.0.0' ],
1278 silly audit   'has-flag': [ '3.0.0', '4.0.0' ],
1278 silly audit   'supports-color': [ '5.5.0', '8.1.1', '7.2.0' ],
1278 silly audit   '@babel/parser': [ '7.29.2' ],
1278 silly audit   '@babel/plugin-proposal-decorators': [ '7.29.0' ],
1278 silly audit   '@babel/plugin-proposal-export-default-from': [ '7.27.1' ],
1278 silly audit   '@babel/plugin-syntax-async-generators': [ '7.8.4' ],
1278 silly audit   '@babel/plugin-syntax-bigint': [ '7.8.3' ],
1278 silly audit   '@babel/plugin-syntax-class-properties': [ '7.12.13' ],
1278 silly audit   '@babel/plugin-syntax-class-static-block': [ '7.14.5' ],
1278 silly audit   '@babel/plugin-syntax-decorators': [ '7.28.6' ],
1278 silly audit   '@babel/plugin-syntax-dynamic-import': [ '7.8.3' ],
1278 silly audit   '@babel/plugin-syntax-export-default-from': [ '7.28.6' ],
1278 silly audit   '@babel/plugin-syntax-flow': [ '7.28.6' ],
1278 silly audit   '@babel/plugin-syntax-import-attributes': [ '7.28.6' ],
1278 silly audit   '@babel/plugin-syntax-import-meta': [ '7.10.4' ],
1278 silly audit   '@babel/plugin-syntax-json-strings': [ '7.8.3' ],
1278 silly audit   '@babel/plugin-syntax-jsx': [ '7.28.6' ],
1278 silly audit   '@babel/plugin-syntax-logical-assignment-operators': [ '7.10.4' ],
1278 silly audit   '@babel/plugin-syntax-nullish-coalescing-operator': [ '7.8.3' ],
1278 silly audit   '@babel/plugin-syntax-numeric-separator': [ '7.10.4' ],
1278 silly audit   '@babel/plugin-syntax-object-rest-spread': [ '7.8.3' ],
1278 silly audit   '@babel/plugin-syntax-optional-catch-binding': [ '7.8.3' ],
1278 silly audit   '@babel/plugin-syntax-optional-chaining': [ '7.8.3' ],
1278 silly audit   '@babel/plugin-syntax-private-property-in-object': [ '7.14.5' ],
1278 silly audit   '@babel/plugin-syntax-top-level-await': [ '7.14.5' ],
1278 silly audit   '@babel/plugin-syntax-typescript': [ '7.28.6' ],
1278 silly audit   '@babel/plugin-transform-arrow-functions': [ '7.27.1' ],
1278 silly audit   '@babel/plugin-transform-async-generator-functions': [ '7.29.0' ],
1278 silly audit   '@babel/plugin-transform-async-to-generator': [ '7.28.6' ],
1278 silly audit   '@babel/plugin-transform-block-scoping': [ '7.28.6' ],
1278 silly audit   '@babel/plugin-transform-class-properties': [ '7.28.6' ],
1278 silly audit   '@babel/plugin-transform-class-static-block': [ '7.28.6' ],
1278 silly audit   '@babel/plugin-transform-classes': [ '7.28.6' ],
1278 silly audit   '@babel/plugin-transform-computed-properties': [ '7.28.6' ],
1278 silly audit   '@babel/plugin-transform-destructuring': [ '7.28.5' ],
1278 silly audit   '@babel/plugin-transform-export-namespace-from': [ '7.27.1' ],
1278 silly audit   '@babel/plugin-transform-flow-strip-types': [ '7.27.1' ],
1278 silly audit   '@babel/plugin-transform-for-of': [ '7.27.1' ],
1278 silly audit   '@babel/plugin-transform-function-name': [ '7.27.1' ],
1278 silly audit   '@babel/plugin-transform-literals': [ '7.27.1' ],
1278 silly audit   '@babel/plugin-transform-logical-assignment-operators': [ '7.28.6' ],
1278 silly audit   '@babel/plugin-transform-modules-commonjs': [ '7.28.6' ],
1278 silly audit   '@babel/plugin-transform-named-capturing-groups-regex': [ '7.29.0' ],
1278 silly audit   '@babel/plugin-transform-nullish-coalescing-operator': [ '7.28.6' ],
1278 silly audit   '@babel/plugin-transform-numeric-separator': [ '7.28.6' ],
1278 silly audit   '@babel/plugin-transform-object-rest-spread': [ '7.28.6' ],
1278 silly audit   '@babel/plugin-transform-optional-catch-binding': [ '7.28.6' ],
1278 silly audit   '@babel/plugin-transform-optional-chaining': [ '7.28.6' ],
1278 silly audit   '@babel/plugin-transform-parameters': [ '7.27.7' ],
1278 silly audit   '@babel/plugin-transform-private-methods': [ '7.28.6' ],
1278 silly audit   '@babel/plugin-transform-private-property-in-object': [ '7.28.6' ],
1278 silly audit   '@babel/plugin-transform-react-display-name': [ '7.28.0' ],
1278 silly audit   '@babel/plugin-transform-react-jsx': [ '7.28.6' ],
1278 silly audit   '@babel/plugin-transform-react-jsx-development': [ '7.27.1' ],
1278 silly audit   '@babel/plugin-transform-react-jsx-self': [ '7.27.1' ],
1278 silly audit   '@babel/plugin-transform-react-jsx-source': [ '7.27.1' ],
1278 silly audit   '@babel/plugin-transform-react-pure-annotations': [ '7.27.1' ],
1278 silly audit   '@babel/plugin-transform-regenerator': [ '7.29.0' ],
1278 silly audit   '@babel/plugin-transform-runtime': [ '7.29.0' ],
1278 silly audit   '@babel/plugin-transform-shorthand-properties': [ '7.27.1' ],
1278 silly audit   '@babel/plugin-transform-spread': [ '7.28.6' ],
1278 silly audit   '@babel/plugin-transform-sticky-regex': [ '7.27.1' ],
1278 silly audit   '@babel/plugin-transform-typescript': [ '7.28.6' ],
1278 silly audit   '@babel/plugin-transform-unicode-regex': [ '7.27.1' ],
1278 silly audit   '@babel/preset-react': [ '7.28.5' ],
1278 silly audit   '@babel/preset-typescript': [ '7.28.5' ],
1278 silly audit   '@babel/runtime': [ '7.29.2' ],
1278 silly audit   '@babel/template': [ '7.28.6' ],
1278 silly audit   '@babel/traverse': [ '7.29.0' ],
1278 silly audit   '@babel/types': [ '7.29.0' ],
1278 silly audit   '@egjs/hammerjs': [ '2.0.17' ],
1278 silly audit   '@expo/code-signing-certificates': [ '0.0.6', '0.0.5' ],
1278 silly audit   '@expo/config': [ '12.0.13', '55.0.10', '10.0.11' ],
1278 silly audit   '@expo/config-plugins': [ '54.0.4', '55.0.7', '9.0.17' ],
1278 silly audit   '@expo/config-types': [ '54.0.10', '52.0.5', '55.0.5' ],
1278 silly audit   '@expo/devcert': [ '1.2.1' ],
1278 silly audit   debug: [ '3.2.7', '2.6.9', '4.4.3' ],
1278 silly audit   '@expo/devtools': [ '0.1.8' ],
1278 silly audit   '@expo/env': [ '2.0.11', '1.0.7' ],
1278 silly audit   '@expo/fingerprint': [ '0.15.4' ],
1278 silly audit   'p-limit': [ '3.1.0', '2.3.0' ],
1278 silly audit   '@expo/image-utils': [ '0.8.12', '0.6.5' ],
1278 silly audit   '@expo/json-file': [ '10.0.12', '8.3.3', '9.1.5', '9.0.2', '10.0.14' ],
1278 silly audit   '@expo/metro': [ '54.2.0' ],
1278 silly audit   '@expo/osascript': [ '2.4.2', '2.1.4' ],
1278 silly audit   '@expo/package-manager': [ '1.10.3', '1.9.10' ],
1278 silly audit   '@expo/plist': [ '0.4.8', '0.2.0', '0.2.2', '0.5.3' ],
1278 silly audit   '@expo/schema-utils': [ '0.1.8' ],
1278 silly audit   '@expo/sdk-runtime-versions': [ '1.0.0' ],
1278 silly audit   '@expo/spawn-async': [ '1.7.2' ],
1278 silly audit   '@expo/sudo-prompt': [ '9.3.2' ],
1278 silly audit   '@expo/ws-tunnel': [ '1.0.6' ],
1278 silly audit   '@expo/xcpretty': [ '4.4.1' ],
1278 silly audit   argparse: [ '2.0.1', '1.0.10' ],
1278 silly audit   'js-yaml': [ '4.1.1', '3.14.2' ],
1278 silly audit   '@isaacs/fs-minipass': [ '4.0.1' ],
1278 silly audit   '@isaacs/ttlcache': [ '1.4.1' ],
1278 silly audit   '@istanbuljs/load-nyc-config': [ '1.1.0' ],
1278 silly audit   camelcase: [ '5.3.1', '6.3.0' ],
1278 silly audit   '@istanbuljs/schema': [ '0.1.3' ],
1278 silly audit   '@jest/create-cache-key-function': [ '29.7.0' ],
1278 silly audit   '@jest/environment': [ '29.7.0' ],
1278 silly audit   '@jest/fake-timers': [ '29.7.0' ],
1278 silly audit   '@jest/schemas': [ '29.6.3' ],
1278 silly audit   '@jest/transform': [ '29.7.0' ],
1278 silly audit   '@jest/types': [ '29.6.3' ],
1278 silly audit   '@jridgewell/gen-mapping': [ '0.3.13' ],
1278 silly audit   '@jridgewell/remapping': [ '2.3.5' ],
1278 silly audit   '@jridgewell/resolve-uri': [ '3.1.2' ],
1278 silly audit   '@jridgewell/source-map': [ '0.3.11' ],
1278 silly audit   '@jridgewell/sourcemap-codec': [ '1.5.5' ],
1278 silly audit   '@jridgewell/trace-mapping': [ '0.3.31', '0.3.9' ],
1278 silly audit   '@react-native/assets-registry': [ '0.81.5' ],
1278 silly audit   '@react-native/babel-plugin-codegen': [ '0.81.5' ],
1278 silly audit   '@react-native/babel-preset': [ '0.81.5' ],
1278 silly audit   '@react-native/codegen': [ '0.81.5' ],
1278 silly audit   'brace-expansion': [ '1.1.12', '2.0.2', '5.0.4', '5.0.6', '1.1.14' ],
1278 silly audit   glob: [ '7.2.3', '13.0.6', '10.5.0', '6.0.4' ],
1278 silly audit   'hermes-estree': [ '0.29.1', '0.32.0' ],
1278 silly audit   'hermes-parser': [ '0.29.1', '0.32.0' ],
1278 silly audit   minimatch: [ '3.1.5', '10.2.4', '9.0.9', '5.1.2', '10.2.5', '5.1.9' ],
1278 silly audit   '@react-native/community-cli-plugin': [ '0.81.5' ],
1278 silly audit   '@react-native/debugger-frontend': [ '0.81.5' ],
1278 silly audit   '@react-native/dev-middleware': [ '0.81.5' ],
1278 silly audit   ws: [ '6.2.3', '8.19.0', '8.20.0', '7.5.10' ],
1278 silly audit   '@react-native/gradle-plugin': [ '0.81.5' ],
1278 silly audit   '@react-native/js-polyfills': [ '0.81.5' ],
1278 silly audit   '@react-native/normalize-colors': [ '0.81.5', '0.76.2' ],
1278 silly audit   '@react-navigation/core': [ '7.17.0' ],
1278 silly audit   'react-is': [ '19.2.4', '16.13.1', '18.3.1' ],
1278 silly audit   '@react-navigation/elements': [ '2.9.12' ],
1278 silly audit   '@react-navigation/native': [ '7.2.0' ],
1278 silly audit   '@react-navigation/native-stack': [ '7.14.6' ],
1278 silly audit   '@react-navigation/routers': [ '7.5.3' ],
1278 silly audit   '@sentry-internal/browser-utils': [ '10.22.0' ],
1278 silly audit   '@sentry-internal/feedback': [ '10.22.0' ],
1278 silly audit   '@sentry-internal/replay': [ '10.22.0' ],
1278 silly audit   '@sentry-internal/replay-canvas': [ '10.22.0' ],
1278 silly audit   '@sentry/babel-plugin-component-annotate': [ '4.6.0' ],
1278 silly audit   '@sentry/browser': [ '10.22.0' ],
1278 silly audit   '@sentry/cli': [ '2.57.0' ],
1278 silly audit   '@sentry/cli-darwin': [ '2.57.0' ],
1278 silly audit   '@sentry/cli-linux-arm': [ '2.57.0' ],
1278 silly audit   '@sentry/cli-linux-arm64': [ '2.57.0' ],
1278 silly audit   '@sentry/cli-linux-i686': [ '2.57.0' ],
1278 silly audit   '@sentry/cli-linux-x64': [ '2.57.0' ],
1278 silly audit   '@sentry/cli-win32-arm64': [ '2.57.0' ],
1278 silly audit   '@sentry/cli-win32-i686': [ '2.57.0' ],
1278 silly audit   '@sentry/cli-win32-x64': [ '2.57.0' ],
1278 silly audit   'agent-base': [ '6.0.2', '7.1.4' ],
1278 silly audit   'https-proxy-agent': [ '5.0.1', '7.0.6' ],
1278 silly audit   '@sentry/core': [ '10.22.0', '7.77.0' ],
1278 silly audit   '@sentry/react': [ '10.22.0' ],
1278 silly audit   '@sentry/react-native': [ '7.5.0' ],
1278 silly audit   '@sentry/types': [ '10.22.0', '7.77.0' ],
1278 silly audit   '@sinclair/typebox': [ '0.27.10' ],
1278 silly audit   '@sinonjs/commons': [ '3.0.1' ],
1278 silly audit   '@sinonjs/fake-timers': [ '10.3.0' ],
1278 silly audit   '@supabase/auth-js': [ '2.99.3' ],
1278 silly audit   '@supabase/functions-js': [ '2.99.3' ],
1278 silly audit   '@supabase/postgrest-js': [ '2.99.3' ],
1278 silly audit   '@supabase/realtime-js': [ '2.99.3' ],
1278 silly audit   '@supabase/storage-js': [ '2.99.3' ],
1278 silly audit   '@supabase/supabase-js': [ '2.99.3' ],
1278 silly audit   '@types/babel__core': [ '7.20.5' ],
1278 silly audit   '@types/babel__generator': [ '7.27.0' ],
1278 silly audit   '@types/babel__template': [ '7.4.4' ],
1278 silly audit   '@types/babel__traverse': [ '7.28.0' ],
1278 silly audit   '@types/graceful-fs': [ '4.1.9' ],
1278 silly audit   '@types/hammerjs': [ '2.0.46' ],
1278 silly audit   '@types/istanbul-lib-coverage': [ '2.0.6' ],
1278 silly audit   '@types/istanbul-lib-report': [ '3.0.3' ],
1278 silly audit   '@types/istanbul-reports': [ '3.0.4' ],
1278 silly audit   '@types/node': [ '25.5.0' ],
1278 silly audit   '@types/phoenix': [ '1.6.7' ],
1278 silly audit   '@types/react': [ '19.2.14' ],
1278 silly audit   '@types/stack-utils': [ '2.0.3' ],
1278 silly audit   '@types/ws': [ '8.18.1' ],
1278 silly audit   '@types/yargs': [ '17.0.35' ],
1278 silly audit   '@types/yargs-parser': [ '21.0.3' ],
1278 silly audit   '@ungap/structured-clone': [ '1.3.0' ],
1278 silly audit   '@urql/core': [ '5.2.0', '4.0.11' ],
1278 silly audit   '@urql/exchange-retry': [ '1.3.2', '1.2.0' ],
1278 silly audit   '@xmldom/xmldom': [ '0.8.11', '0.7.13' ],
1278 silly audit   'abort-controller': [ '3.0.0' ],
1278 silly audit   accepts: [ '1.3.8' ],
1278 silly audit   acorn: [ '8.16.0' ],
1278 silly audit   anser: [ '1.4.10' ],
1278 silly audit   'ansi-escapes': [ '4.3.2' ],
1278 silly audit   'type-fest': [ '0.21.3', '0.7.1' ],
1278 silly audit   'ansi-regex': [ '5.0.1', '4.1.1', '6.2.2' ],
1278 silly audit   'any-promise': [ '1.3.0' ],
1278 silly audit   anymatch: [ '3.1.3' ],
1278 silly audit   arg: [ '5.0.2', '4.1.3' ],
1278 silly audit   asap: [ '2.0.6' ],
1278 silly audit   'async-limiter': [ '1.0.1' ],
1278 silly audit   'babel-jest': [ '29.7.0' ],
1278 silly audit   'babel-plugin-istanbul': [ '6.1.1' ],
1278 silly audit   'babel-plugin-jest-hoist': [ '29.6.3' ],
1278 silly audit   'babel-plugin-polyfill-corejs2': [ '0.4.17' ],
1278 silly audit   'babel-plugin-polyfill-corejs3': [ '0.13.0' ],
1278 silly audit   'babel-plugin-polyfill-regenerator': [ '0.6.8' ],
1278 silly audit   'babel-plugin-react-compiler': [ '1.0.0' ],
1278 silly audit   'babel-plugin-react-native-web': [ '0.21.2' ],
1278 silly audit   'babel-plugin-syntax-hermes-parser': [ '0.29.1' ],
1278 silly audit   'babel-plugin-transform-flow-enums': [ '0.0.2' ],
1278 silly audit   'babel-preset-current-node-syntax': [ '1.2.0' ],
1278 silly audit   'babel-preset-jest': [ '29.6.3' ],
1278 silly audit   'balanced-match': [ '1.0.2', '4.0.4' ],
1278 silly audit   'base64-js': [ '1.5.1' ],
1278 silly audit   'baseline-browser-mapping': [ '2.10.9' ],
1278 silly audit   'better-opn': [ '3.0.2' ],
1278 silly audit   open: [ '8.4.2', '7.4.2' ],
1278 silly audit   'big-integer': [ '1.6.52' ],
1278 silly audit   'bplist-creator': [ '0.1.0' ],
1278 silly audit   'bplist-parser': [ '0.3.1' ],
1278 silly audit   braces: [ '3.0.3' ],
1278 silly audit   browserslist: [ '4.28.1' ],
1278 silly audit   bser: [ '2.1.1' ],
1278 silly audit   buffer: [ '5.7.1' ],
1278 silly audit   'buffer-from': [ '1.1.2' ],
1278 silly audit   bytes: [ '3.1.2' ],
1278 silly audit   'caniuse-lite': [ '1.0.30001780' ],
1278 silly audit   chownr: [ '3.0.0' ],
1278 silly audit   'chrome-launcher': [ '0.15.2' ],
1278 silly audit   'chromium-edge-launcher': [ '0.2.0' ],
1278 silly audit   'ci-info': [ '2.0.0', '3.9.0' ],
1278 silly audit   'cli-cursor': [ '2.1.0', '3.1.0' ],
1278 silly audit   'cli-spinners': [ '2.9.2' ],
1278 silly audit   cliui: [ '8.0.1' ],
1278 silly audit   clone: [ '1.0.4' ],
1278 silly audit   color: [ '4.2.3' ],
1278 silly audit   'color-string': [ '1.9.1' ],
1278 silly audit   commander: [ '7.2.0', '12.1.0', '4.1.1', '2.20.3' ],
1278 silly audit   compressible: [ '2.0.18' ],
1278 silly audit   compression: [ '1.8.1' ],
1278 silly audit   ms: [ '2.0.0', '2.1.3' ],
1278 silly audit   negotiator: [ '0.6.4', '0.6.3' ],
1278 silly audit   'concat-map': [ '0.0.1' ],
1278 silly audit   connect: [ '3.7.0' ],
1278 silly audit   'convert-source-map': [ '2.0.0' ],
1278 silly audit   'core-js-compat': [ '3.49.0' ],
1278 silly audit   'cross-spawn': [ '7.0.6' ],
1278 silly audit   csstype: [ '3.2.3' ],
1278 silly audit   'decode-uri-component': [ '0.2.2' ],
1278 silly audit   'deep-extend': [ '0.6.0' ],
1278 silly audit   deepmerge: [ '4.3.1' ],
1278 silly audit   defaults: [ '1.0.4' ],
1278 silly audit   'define-lazy-prop': [ '2.0.0' ],
1278 silly audit   depd: [ '2.0.0' ],
1278 silly audit   destroy: [ '1.2.0' ],
1278 silly audit   'detect-libc': [ '2.1.2' ],
1278 silly audit   dotenv: [ '16.4.7', '16.3.1' ],
1278 silly audit   'dotenv-expand': [ '11.0.7' ],
1278 silly audit   'ee-first': [ '1.1.1' ],
1278 silly audit   'electron-to-chromium': [ '1.5.321' ],
1278 silly audit   'emoji-regex': [ '8.0.0', '9.2.2' ],
1278 silly audit   encodeurl: [ '1.0.2', '2.0.0' ],
1278 silly audit   'env-editor': [ '0.4.2' ],
1278 silly audit   'error-stack-parser': [ '2.1.4' ],
1278 silly audit   escalade: [ '3.2.0' ],
1278 silly audit   'escape-html': [ '1.0.3' ],
1278 silly audit   esprima: [ '4.0.1' ],
1278 silly audit   etag: [ '1.8.1' ],
1278 silly audit   'event-target-shim': [ '5.0.1' ],
1278 silly audit   expo: [ '54.0.33' ],
1278 silly audit   'expo-modules-autolinking': [ '3.0.24' ],
1278 silly audit   'expo-modules-core': [ '3.0.29' ],
1278 silly audit   'expo-server': [ '1.0.5' ],
1278 silly audit   'expo-status-bar': [ '3.0.9' ],
1278 silly audit   '@expo/cli': [ '54.0.23' ],
1278 silly audit   '@expo/prebuild-config': [ '54.0.8', '8.0.17' ],
1278 silly audit   '@expo/metro-config': [ '54.0.14' ],
1278 silly audit   '@expo/vector-icons': [ '15.1.1' ],
1278 silly audit   'babel-preset-expo': [ '54.0.10' ],
1278 silly audit   'expo-asset': [ '12.0.12' ],
1278 silly audit   'expo-constants': [ '18.0.13' ],
1278 silly audit   'expo-file-system': [ '19.0.21' ],
1278 silly audit   'expo-font': [ '14.0.11' ],
1278 silly audit   'expo-keep-awake': [ '15.0.8' ],
1278 silly audit   picomatch: [ '3.0.2', '2.3.1', '4.0.3' ],
1278 silly audit   'exponential-backoff': [ '3.1.3' ],
1278 silly audit   'fast-deep-equal': [ '3.1.3' ],
1278 silly audit   'fast-json-stable-stringify': [ '2.1.0' ],
1278 silly audit   'fb-watchman': [ '2.0.2' ],
1278 silly audit   'fill-range': [ '7.1.1' ],
1278 silly audit   'filter-obj': [ '1.1.0' ],
1278 silly audit   finalhandler: [ '1.1.2' ],
1278 silly audit   'find-up': [ '4.1.0' ],
1278 silly audit   'flow-enums-runtime': [ '0.0.6' ],
1278 silly audit   fontfaceobserver: [ '2.3.0' ],
1278 silly audit   'freeport-async': [ '2.0.0' ],
1278 silly audit   fresh: [ '0.5.2' ],
1278 silly audit   'fs.realpath': [ '1.0.0' ],
1278 silly audit   fsevents: [ '2.3.3' ],
1278 silly audit   'function-bind': [ '1.1.2' ],
1278 silly audit   gensync: [ '1.0.0-beta.2' ],
1278 silly audit   'get-caller-file': [ '2.0.5' ],
1278 silly audit   'get-package-type': [ '0.1.0' ],
1278 silly audit   getenv: [ '2.0.0', '1.0.0' ],
1278 silly audit   'graceful-fs': [ '4.2.11' ],
1278 silly audit   hasown: [ '2.0.2' ],
1278 silly audit   'hoist-non-react-statics': [ '3.3.2' ],
1278 silly audit   'hosted-git-info': [ '7.0.2' ],
1278 silly audit   'lru-cache': [ '10.4.3', '5.1.1', '11.2.7', '6.0.0' ],
1278 silly audit   'http-errors': [ '2.0.1' ],
1278 silly audit   statuses: [ '2.0.2', '1.5.0' ],
1278 silly audit   'iceberg-js': [ '0.8.1' ],
1278 silly audit   ieee754: [ '1.2.1' ],
1278 silly audit   ignore: [ '5.3.2', '5.3.0' ],
1278 silly audit   'image-size': [ '1.2.1' ],
1278 silly audit   imurmurhash: [ '0.1.4' ],
1278 silly audit   inflight: [ '1.0.6' ],
1278 silly audit   inherits: [ '2.0.4' ],
1278 silly audit   ini: [ '1.3.8' ],
1278 silly audit   invariant: [ '2.2.4' ],
1278 silly audit   'is-arrayish': [ '0.3.4', '0.2.1' ],
1278 silly audit   'is-core-module': [ '2.16.1' ],
1278 silly audit   'is-docker': [ '2.2.1' ],
1278 silly audit   'is-fullwidth-code-point': [ '3.0.0' ],
1278 silly audit   'is-number': [ '7.0.0' ],
1278 silly audit   'is-wsl': [ '2.2.0' ],
1278 silly audit   isexe: [ '2.0.0' ],
1278 silly audit   'istanbul-lib-coverage': [ '3.2.2' ],
1278 silly audit   'istanbul-lib-instrument': [ '5.2.1' ],
1278 silly audit   'jest-environment-node': [ '29.7.0' ],
1278 silly audit   'jest-get-type': [ '29.6.3' ],
1278 silly audit   'jest-haste-map': [ '29.7.0' ],
1278 silly audit   'jest-message-util': [ '29.7.0' ],
1278 silly audit   'jest-mock': [ '29.7.0' ],
1278 silly audit   'jest-regex-util': [ '29.6.3' ],
1278 silly audit   'jest-util': [ '29.7.0' ],
1278 silly audit   'jest-validate': [ '29.7.0' ],
1278 silly audit   'jest-worker': [ '29.7.0' ],
1278 silly audit   'jimp-compact': [ '0.16.1' ],
1278 silly audit   'js-tokens': [ '4.0.0' ],
1278 silly audit   'jsc-safe-url': [ '0.2.4' ],
1278 silly audit   jsesc: [ '3.1.0' ],
1278 silly audit   json5: [ '2.2.3' ],
1278 silly audit   kleur: [ '3.0.3' ],
1278 silly audit   'lan-network': [ '0.1.7' ],
1278 silly audit   leven: [ '3.1.0' ],
1278 silly audit   'lighthouse-logger': [ '1.4.2' ],
1278 silly audit   lightningcss: [ '1.32.0' ],
1278 silly audit   'lightningcss-android-arm64': [ '1.32.0' ],
1278 silly audit   'lightningcss-darwin-arm64': [ '1.32.0' ],
1278 silly audit   'lightningcss-darwin-x64': [ '1.32.0' ],
1278 silly audit   'lightningcss-freebsd-x64': [ '1.32.0' ],
1278 silly audit   'lightningcss-linux-arm-gnueabihf': [ '1.32.0' ],
1278 silly audit   'lightningcss-linux-arm64-gnu': [ '1.32.0' ],
1278 silly audit   'lightningcss-linux-arm64-musl': [ '1.32.0' ],
1278 silly audit   'lightningcss-linux-x64-gnu': [ '1.32.0' ],
1278 silly audit   'lightningcss-linux-x64-musl': [ '1.32.0' ],
1278 silly audit   'lightningcss-win32-arm64-msvc': [ '1.32.0' ],
1278 silly audit   'lightningcss-win32-x64-msvc': [ '1.32.0' ],
1278 silly audit   'lines-and-columns': [ '1.2.4' ],
1278 silly audit   'locate-path': [ '5.0.0' ],
1278 silly audit   'lodash.debounce': [ '4.0.8' ],
1278 silly audit   'lodash.throttle': [ '4.1.1' ],
1278 silly audit   'log-symbols': [ '2.2.0', '4.1.0' ],
1278 silly audit   'loose-envify': [ '1.4.0' ],
1278 silly audit   makeerror: [ '1.0.12' ],
1278 silly audit   marky: [ '1.3.0' ],
1278 silly audit   'memoize-one': [ '5.2.1' ],
1278 silly audit   'merge-stream': [ '2.0.0' ],
1278 silly audit   metro: [ '0.83.3' ],
1278 silly audit   'metro-babel-transformer': [ '0.83.3' ],
1278 silly audit   'metro-cache': [ '0.83.3' ],
1278 silly audit   'metro-cache-key': [ '0.83.3' ],
1278 silly audit   'metro-config': [ '0.83.3' ],
1278 silly audit   'metro-core': [ '0.83.3' ],
1278 silly audit   'metro-file-map': [ '0.83.3' ],
1278 silly audit   'metro-minify-terser': [ '0.83.3' ],
1278 silly audit   'metro-resolver': [ '0.83.3' ],
1278 silly audit   'metro-runtime': [ '0.83.3' ],
1278 silly audit   'metro-source-map': [ '0.83.3' ],
1278 silly audit   'metro-symbolicate': [ '0.83.3' ],
1278 silly audit   'metro-transform-plugins': [ '0.83.3' ],
1278 silly audit   'metro-transform-worker': [ '0.83.3' ],
1278 silly audit   micromatch: [ '4.0.8' ],
1278 silly audit   mime: [ '1.6.0', '3.0.0' ],
1278 silly audit   'mime-db': [ '1.52.0' ],
1278 silly audit   'mime-types': [ '2.1.35' ],
1278 silly audit   'mimic-fn': [ '1.2.0', '2.1.0' ],
1278 silly audit   minimist: [ '1.2.8' ],
1278 silly audit   minipass: [ '7.1.3' ],
1278 silly audit   minizlib: [ '3.1.0', '3.0.1' ],
1278 silly audit   mkdirp: [ '1.0.4', '0.5.6' ],
1278 silly audit   mz: [ '2.7.0' ],
1278 silly audit   nanoid: [ '3.3.11', '3.3.8' ],
1278 silly audit   'nested-error-stacks': [ '2.0.1' ],
1278 silly audit   'node-fetch': [ '2.7.0', '2.6.7' ],
1278 silly audit   'node-forge': [ '1.3.3', '1.3.1' ],
1278 silly audit   'node-int64': [ '0.4.0' ],
1278 silly audit   'node-releases': [ '2.0.36' ],
1278 silly audit   'normalize-path': [ '3.0.0' ],
1278 silly audit   'npm-package-arg': [ '11.0.3' ],
1278 silly audit   nullthrows: [ '1.1.1' ],
1278 silly audit   ob1: [ '0.83.3' ],
1278 silly audit   'object-assign': [ '4.1.1' ],
1278 silly audit   'on-finished': [ '2.3.0', '2.4.1' ],
1278 silly audit   'on-headers': [ '1.1.0' ],
1278 silly audit   once: [ '1.4.0' ],
1278 silly audit   onetime: [ '2.0.1', '5.1.2' ],
1278 silly audit   ora: [ '3.4.0', '5.1.0' ],
1278 silly audit   'strip-ansi': [ '5.2.0', '6.0.1', '7.2.0' ],
1278 silly audit   'p-locate': [ '4.1.0' ],
1278 silly audit   'p-try': [ '2.2.0' ],
1278 silly audit   'parse-png': [ '2.1.0' ],
1278 silly audit   parseurl: [ '1.3.3' ],
1278 silly audit   'path-exists': [ '4.0.0' ],
1278 silly audit   'path-is-absolute': [ '1.0.1' ],
1278 silly audit   'path-key': [ '3.1.1' ],
1278 silly audit   'path-parse': [ '1.0.7' ],
1278 silly audit   'path-scurry': [ '2.0.2', '1.11.1' ],
1278 silly audit   picocolors: [ '1.1.1' ],
1278 silly audit   pirates: [ '4.0.7' ],
1278 silly audit   plist: [ '3.1.0' ],
1278 silly audit   pngjs: [ '3.4.0', '7.0.0' ],
1278 silly audit   postcss: [ '8.4.49' ],
1278 silly audit   'pretty-bytes': [ '5.6.0' ],
1278 silly audit   'pretty-format': [ '29.7.0' ],
1278 silly audit   'proc-log': [ '4.2.0' ],
1278 silly audit   progress: [ '2.0.3' ],
1278 silly audit   promise: [ '8.3.0' ],
1278 silly audit   prompts: [ '2.4.2' ],
1278 silly audit   'proxy-from-env': [ '1.1.0' ],
1278 silly audit   punycode: [ '2.3.1' ],
1278 silly audit   'qrcode-terminal': [ '0.11.0', '0.12.0' ],
1278 silly audit   'query-string': [ '7.1.3' ],
1278 silly audit   queue: [ '6.0.2' ],
1278 silly audit   'range-parser': [ '1.2.1' ],
1278 silly audit   rc: [ '1.2.8' ],
1278 silly audit   react: [ '19.1.0' ],
1278 silly audit   'react-devtools-core': [ '6.1.5' ],
1278 silly audit   'react-freeze': [ '1.0.4' ],
1278 silly audit   'react-native': [ '0.81.5' ],
1278 silly audit   'react-native-gesture-handler': [ '2.28.0' ],
1278 silly audit   'react-native-is-edge-to-edge': [ '1.3.1' ],
1278 silly audit   'react-native-safe-area-context': [ '5.6.2' ],
1278 silly audit   'react-native-screens': [ '4.16.0' ],
1278 silly audit   '@react-native/virtualized-lists': [ '0.81.5' ],
1278 silly audit   'react-refresh': [ '0.14.2' ],
1278 silly audit   regenerate: [ '1.4.2' ],
1278 silly audit   'regenerate-unicode-properties': [ '10.2.2' ],
1278 silly audit   'regenerator-runtime': [ '0.13.11' ],
1278 silly audit   'regexpu-core': [ '6.4.0' ],
1278 silly audit   regjsgen: [ '0.8.0' ],
1278 silly audit   regjsparser: [ '0.13.0' ],
1278 silly audit   'require-directory': [ '2.1.1' ],
1278 silly audit   'require-from-string': [ '2.0.2' ],
1278 silly audit   requireg: [ '0.2.2' ],
1278 silly audit   resolve: [ '1.7.1', '1.22.11' ],
1278 silly audit   'resolve-from': [ '5.0.0' ],
1278 silly audit   'resolve-workspace-root': [ '2.0.1' ],
1278 silly audit   'resolve.exports': [ '2.0.3' ],
1278 silly audit   'restore-cursor': [ '2.0.0', '3.1.0' ],
1278 silly audit   rimraf: [ '3.0.2', '2.4.5', '5.0.10' ],
1278 silly audit   'safe-buffer': [ '5.2.1' ],
1278 silly audit   sax: [ '1.6.0' ],
1278 silly audit   scheduler: [ '0.26.0' ],
1278 silly audit   send: [ '0.19.2' ],
1278 silly audit   'serialize-error': [ '2.1.0' ],
1278 silly audit   'serve-static': [ '1.16.3' ],
1278 silly audit   setprototypeof: [ '1.2.0' ],
1278 silly audit   'sf-symbols-typescript': [ '2.2.0' ],
1278 silly audit   'shebang-command': [ '2.0.0' ],
1278 silly audit   'shebang-regex': [ '3.0.0' ],
1278 silly audit   'shell-quote': [ '1.8.3' ],
1278 silly audit   'signal-exit': [ '3.0.7', '4.1.0' ],
1278 silly audit   'simple-plist': [ '1.3.1' ],
1278 silly audit   'simple-swizzle': [ '0.2.4' ],
1278 silly audit   sisteransi: [ '1.0.5' ],
1278 silly audit   slash: [ '3.0.0' ],
1278 silly audit   slugify: [ '1.6.8' ],
1278 silly audit   'source-map': [ '0.5.7', '0.6.1' ],
1278 silly audit   'source-map-js': [ '1.2.1' ],
1278 silly audit   'source-map-support': [ '0.5.21' ],
1278 silly audit   'split-on-first': [ '1.1.0' ],
1278 silly audit   'sprintf-js': [ '1.0.3' ],
1278 silly audit   'stack-utils': [ '2.0.6' ],
1278 silly audit   stackframe: [ '1.3.4' ],
1278 silly audit   'stacktrace-parser': [ '0.1.11' ],
1278 silly audit   'stream-buffers': [ '2.2.0' ],
1278 silly audit   'strict-uri-encode': [ '2.0.0' ],
1278 silly audit   'string-width': [ '4.2.3', '5.1.2' ],
1278 silly audit   'strip-json-comments': [ '2.0.1' ],
1278 silly audit   'structured-headers': [ '0.4.1' ],
1278 silly audit   sucrase: [ '3.35.1', '3.35.0' ],
1278 silly audit   'supports-hyperlinks': [ '2.3.0' ],
1278 silly audit   'supports-preserve-symlinks-flag': [ '1.0.0' ],
1278 silly audit   tar: [ '7.5.13', '7.5.7' ],
1278 silly audit   yallist: [ '5.0.0', '3.1.1', '4.0.0' ],
1278 silly audit   'terminal-link': [ '2.1.1' ],
1278 silly audit   terser: [ '5.46.1' ],
1278 silly audit   'test-exclude': [ '6.0.0' ],
1278 silly audit   thenify: [ '3.3.1' ],
1278 silly audit   'thenify-all': [ '1.6.0' ],
1278 silly audit   throat: [ '5.0.0' ],
1278 silly audit   tinyglobby: [ '0.2.15' ],
1278 silly audit   fdir: [ '6.5.0' ],
1278 silly audit   tmpl: [ '1.0.5' ],
1278 silly audit   'to-regex-range': [ '5.0.1' ],
1278 silly audit   toidentifier: [ '1.0.1' ],
1278 silly audit   tr46: [ '0.0.3' ],
1278 silly audit   'ts-interface-checker': [ '0.1.13' ],
1278 silly audit   tslib: [ '2.8.1', '2.6.2', '2.4.1' ],
1278 silly audit   'type-detect': [ '4.0.8' ],
1278 silly audit   typescript: [ '5.9.3' ],
1278 silly audit   undici: [ '6.24.1' ],
1278 silly audit   'undici-types': [ '7.18.2' ],
1278 silly audit   'unicode-canonical-property-names-ecmascript': [ '2.0.1' ],
1278 silly audit   'unicode-match-property-ecmascript': [ '2.0.0' ],
1278 silly audit   'unicode-match-property-value-ecmascript': [ '2.2.1' ],
1278 silly audit   'unicode-property-aliases-ecmascript': [ '2.2.0' ],
1278 silly audit   unpipe: [ '1.0.0' ],
1278 silly audit   'update-browserslist-db': [ '1.2.3' ],
1278 silly audit   'use-latest-callback': [ '0.2.6' ],
1278 silly audit   'use-sync-external-store': [ '1.6.0' ],
1278 silly audit   'utils-merge': [ '1.0.1' ],
1278 silly audit   uuid: [ '7.0.3', '9.0.1', '8.3.2' ],
1278 silly audit   'validate-npm-package-name': [ '5.0.1' ],
1278 silly audit   vary: [ '1.1.2' ],
1278 silly audit   vlq: [ '1.0.1' ],
1278 silly audit   walker: [ '1.0.8' ],
1278 silly audit   'warn-once': [ '0.1.1' ],
1278 silly audit   wcwidth: [ '1.0.1' ],
1278 silly audit   'webidl-conversions': [ '5.0.0', '3.0.1' ],
1278 silly audit   'whatwg-fetch': [ '3.6.20' ],
1278 silly audit   'whatwg-url': [ '5.0.0' ],
1278 silly audit   'whatwg-url-without-unicode': [ '8.0.0-3' ],
1278 silly audit   which: [ '2.0.2' ],
1278 silly audit   wonka: [ '6.3.6' ],
1278 silly audit   'wrap-ansi': [ '7.0.0', '8.1.0' ],
1278 silly audit   wrappy: [ '1.0.2' ],
1278 silly audit   'write-file-atomic': [ '4.0.2', '2.4.3' ],
1278 silly audit   xcode: [ '3.0.1' ],
1278 silly audit   xml2js: [ '0.6.0' ],
1278 silly audit   xmlbuilder: [ '11.0.1', '15.1.1', '14.0.0' ],
1278 silly audit   y18n: [ '5.0.8' ],
1278 silly audit   yaml: [ '2.8.3', '2.6.0' ],
1278 silly audit   yargs: [ '17.7.2' ],
1278 silly audit   'yargs-parser': [ '21.1.1' ],
1278 silly audit   'yocto-queue': [ '0.1.0' ],
1278 silly audit   zustand: [ '5.0.12' ],
1278 silly audit   'eas-cli': [ '18.12.3' ],
1278 silly audit   '@expo/apple-utils': [ '2.1.19' ],
1278 silly audit   '@expo/eas-build-job': [ '18.12.0' ],
1278 silly audit   '@expo/eas-json': [ '18.12.0' ],
1278 silly audit   '@expo/logger': [ '18.5.0' ],
1278 silly audit   '@expo/multipart-body-parser': [ '2.0.0' ],
1278 silly audit   '@expo/pkcs12': [ '0.1.3' ],
1278 silly audit   '@expo/plugin-help': [ '5.1.23' ],
1278 silly audit   '@expo/plugin-warn-if-update-available': [ '2.5.1' ],
1278 silly audit   '@expo/results': [ '1.0.0' ],
1278 silly audit   '@expo/rudder-sdk-node': [ '1.1.1' ],
1278 silly audit   '@expo/steps': [ '18.12.0' ],
1278 silly audit   '@expo/timeago.js': [ '1.0.0' ],
1278 silly audit   '@oclif/core': [ '4.11.2', '2.16.0' ],
1278 silly audit   '@oclif/plugin-autocomplete': [ '3.2.49' ],
1278 silly audit   '@segment/ajv-human-errors': [ '2.16.0' ],
1278 silly audit   ajv: [ '8.11.0' ],
1278 silly audit   '@sentry/node': [ '7.77.0' ],
1278 silly audit   'ajv-formats': [ '2.1.1' ],
1278 silly audit   'cli-progress': [ '3.12.0' ],
1278 silly audit   dateformat: [ '4.6.3' ],
1278 silly audit   diff: [ '7.0.0', '4.0.4' ],
1278 silly audit   'env-paths': [ '2.2.0' ],
1278 silly audit   envinfo: [ '7.11.0' ],
1278 silly audit   'fast-glob': [ '3.3.2' ],
1278 silly audit   figures: [ '3.2.0' ],
1278 silly audit   'form-data': [ '4.0.5' ],
1278 silly audit   'fs-extra': [ '11.2.0', '10.1.0', '9.1.0', '9.0.0' ],
1278 silly audit   'gradle-to-js': [ '2.0.1' ],
1278 silly audit   graphql: [ '16.8.1' ],
1278 silly audit   'graphql-tag': [ '2.12.6' ],
1278 silly audit   'indent-string': [ '4.0.0' ],
1278 silly audit   'jks-js': [ '1.1.0' ],
1278 silly audit   joi: [ '17.11.0', '17.13.3' ],
1278 silly audit   keychain: [ '1.5.0' ],
1278 silly audit   'node-stream-zip': [ '1.15.0' ],
1278 silly audit   'pkg-dir': [ '4.2.0' ],
1278 silly audit   'promise-limit': [ '2.7.0' ],
1278 silly audit   'promise-retry': [ '2.0.1' ],
1278 silly audit   'set-interval-async': [ '3.0.3' ],
1278 silly audit   'tar-stream': [ '3.1.7' ],
1278 silly audit   'ts-deepmerge': [ '6.2.0' ],
1278 silly audit   turndown: [ '7.1.2' ],
1278 silly audit   untildify: [ '4.0.0' ],
1278 silly audit   zod: [ '4.4.3' ],
1278 silly audit   'env-string': [ '1.0.1' ],
1278 silly audit   'golden-fleece': [ '1.0.9' ],
1278 silly audit   '@types/bunyan': [ '1.8.11' ],
1278 silly audit   bunyan: [ '1.8.15' ],
1278 silly audit   multipasta: [ '0.2.7' ],
1278 silly audit   ejs: [ '3.1.10' ],
1278 silly audit   'http-call': [ '5.3.0' ],
1278 silly audit   '@expo/bunyan': [ '4.0.1' ],
1278 silly audit   '@segment/loosely-validate-event': [ '2.0.0' ],
1278 silly audit   'fetch-retry': [ '4.1.1' ],
1278 silly audit   md5: [ '2.3.0' ],
1278 silly audit   'remove-trailing-slash': [ '0.1.1' ],
1278 silly audit   jsep: [ '1.4.0' ],
1278 silly audit   'lodash.clonedeep': [ '4.5.0' ],
1278 silly audit   'lodash.get': [ '4.4.2' ],
1278 silly audit   ansis: [ '3.17.0' ],
1278 silly audit   'clean-stack': [ '3.0.1' ],
1278 silly audit   lilconfig: [ '3.1.3' ],
1278 silly audit   'widest-line': [ '3.1.0' ],
1278 silly audit   wordwrap: [ '1.0.0' ],
1278 silly audit   'component-type': [ '1.2.2' ],
1278 silly audit   'join-component': [ '1.1.0' ],
1278 silly audit   '@sentry-internal/tracing': [ '7.77.0' ],
1278 silly audit   '@sentry/utils': [ '7.77.0' ],
1278 silly audit   'json-schema-traverse': [ '1.0.0' ],
1278 silly audit   'uri-js': [ '4.4.1' ],
1278 silly audit   'dtrace-provider': [ '0.8.8' ],
1278 silly audit   moment: [ '2.30.1' ],
1278 silly audit   mv: [ '2.1.1' ],
1278 silly audit   'safe-json-stringify': [ '1.2.0' ],
1278 silly audit   nan: [ '2.27.0' ],
1278 silly audit   jake: [ '10.9.4' ],
1278 silly audit   '@nodelib/fs.stat': [ '2.0.5' ],
1278 silly audit   '@nodelib/fs.walk': [ '1.2.8' ],
1278 silly audit   'glob-parent': [ '5.1.2' ],
1278 silly audit   merge2: [ '1.4.1' ],
1278 silly audit   '@nodelib/fs.scandir': [ '2.1.5' ],
1278 silly audit   fastq: [ '1.20.1' ],
1278 silly audit   'run-parallel': [ '1.2.0' ],
1278 silly audit   reusify: [ '1.1.0' ],
1278 silly audit   asynckit: [ '0.4.0' ],
1278 silly audit   'combined-stream': [ '1.0.8' ],
1278 silly audit   'es-set-tostringtag': [ '2.1.0' ],
1278 silly audit   'delayed-stream': [ '1.0.0' ],
1278 silly audit   'es-errors': [ '1.3.0' ],
1278 silly audit   'get-intrinsic': [ '1.3.0' ],
1278 silly audit   'has-tostringtag': [ '1.0.2' ],
1278 silly audit   jsonfile: [ '6.2.1' ],
1278 silly audit   universalify: [ '2.0.1', '1.0.0' ],
1278 silly audit   'call-bind-apply-helpers': [ '1.0.2' ],
1278 silly audit   'es-define-property': [ '1.0.1' ],
1278 silly audit   'es-object-atoms': [ '1.1.1' ],
1278 silly audit   'get-proto': [ '1.0.1' ],
1278 silly audit   gopd: [ '1.2.0' ],
1278 silly audit   'has-symbols': [ '1.1.0' ],
1278 silly audit   'math-intrinsics': [ '1.1.0' ],
1278 silly audit   'dunder-proto': [ '1.0.1' ],
1278 silly audit   'is-glob': [ '4.0.3' ],
1278 silly audit   'lodash.merge': [ '4.6.2' ],
1278 silly audit   'content-type': [ '1.0.5' ],
1278 silly audit   'is-retry-allowed': [ '1.2.0' ],
1278 silly audit   'is-stream': [ '2.0.1' ],
1278 silly audit   'parse-json': [ '4.0.0' ],
1278 silly audit   'tunnel-agent': [ '0.6.0' ],
1278 silly audit   'is-extglob': [ '2.1.1' ],
1278 silly audit   async: [ '3.2.6' ],
1278 silly audit   filelist: [ '1.0.6' ],
1278 silly audit   'node-rsa': [ '1.1.1' ],
1278 silly audit   '@hapi/hoek': [ '9.3.0' ],
1278 silly audit   '@hapi/topo': [ '5.1.0' ],
1278 silly audit   '@sideway/address': [ '4.1.5' ],
1278 silly audit   '@sideway/formula': [ '3.0.1' ],
1278 silly audit   '@sideway/pinpoint': [ '2.0.0' ],
1278 silly audit   charenc: [ '0.0.2' ],
1278 silly audit   crypt: [ '0.0.2' ],
1278 silly audit   'is-buffer': [ '1.1.6' ],
1278 silly audit   ncp: [ '2.0.0' ],
1278 silly audit   asn1: [ '0.2.6' ],
1278 silly audit   'safer-buffer': [ '2.1.2' ],
1278 silly audit   'error-ex': [ '1.3.4' ],
1278 silly audit   'json-parse-better-errors': [ '1.0.2' ],
1278 silly audit   'err-code': [ '2.0.3' ],
1278 silly audit   retry: [ '0.12.0' ],
1278 silly audit   'queue-microtask': [ '1.2.3' ],
1278 silly audit   b4a: [ '1.8.1' ],
1278 silly audit   'fast-fifo': [ '1.3.2' ],
1278 silly audit   streamx: [ '2.25.0' ],
1278 silly audit   'events-universal': [ '1.0.1' ],
1278 silly audit   'text-decoder': [ '1.2.7' ],
1278 silly audit   'bare-events': [ '2.8.2' ],
1278 silly audit   domino: [ '2.1.7' ],
1278 silly audit   'is-unicode-supported': [ '0.1.0' ],
1278 silly audit   '@types/cli-progress': [ '3.11.6' ],
1278 silly audit   cardinal: [ '2.1.1' ],
1278 silly audit   globby: [ '11.1.0' ],
1278 silly audit   hyperlinker: [ '1.0.0' ],
1278 silly audit   'natural-orderby': [ '2.0.3' ],
1278 silly audit   'object-treeify': [ '1.1.33' ],
1278 silly audit   'password-prompt': [ '1.1.3' ],
1278 silly audit   'slice-ansi': [ '4.0.0' ],
1278 silly audit   'ts-node': [ '10.9.2' ],
1278 silly audit   ansicolors: [ '0.3.2' ],
1278 silly audit   redeyed: [ '2.1.1' ],
1278 silly audit   'array-union': [ '2.1.0' ],
1278 silly audit   'dir-glob': [ '3.0.1' ],
1278 silly audit   'path-type': [ '4.0.0' ],
1278 silly audit   'astral-regex': [ '2.0.0' ],
1278 silly audit   '@cspotcode/source-map-support': [ '0.8.1' ],
1278 silly audit   '@tsconfig/node10': [ '1.0.12' ],
1278 silly audit   '@tsconfig/node12': [ '1.0.11' ],
1278 silly audit   '@tsconfig/node14': [ '1.0.3' ],
1278 silly audit   '@tsconfig/node16': [ '1.0.4' ],
1278 silly audit   'acorn-walk': [ '8.3.5' ],
1278 silly audit   'create-require': [ '1.1.1' ],
1278 silly audit   'make-error': [ '1.3.6' ],
1278 silly audit   'v8-compile-cache-lib': [ '3.0.1' ],
1278 silly audit   yn: [ '3.1.1' ],
1278 silly audit   'temp-dir': [ '2.0.0' ],
1278 silly audit   'unique-string': [ '2.0.0' ],
1278 silly audit   'crypto-random-string': [ '2.0.0' ],
1278 silly audit   'at-least-node': [ '1.0.0' ],
1278 silly audit   'foreground-child': [ '3.3.1' ],
1278 silly audit   jackspeak: [ '3.4.3' ],
1278 silly audit   'package-json-from-dist': [ '1.0.1' ],
1278 silly audit   '@isaacs/cliui': [ '8.0.2' ],
1278 silly audit   '@pkgjs/parseargs': [ '0.11.0' ],
1278 silly audit   eastasianwidth: [ '0.2.0' ],
1278 silly audit   '@expo/require-utils': [ '55.0.5' ],
1278 silly audit   'exec-async': [ '2.2.0' ],
1278 silly audit   'is-interactive': [ '1.0.0' ],
1278 silly audit   'mute-stream': [ '0.0.8' ]
1278 silly audit }
1279 verbose reify failed optional dependency E:\opensource\insurance-crm\node_modules\lightningcss-win32-arm64-msvc
1280 silly reify mark deleted [
1280 silly reify   'E:\\opensource\\insurance-crm\\node_modules\\lightningcss-win32-arm64-msvc'
1280 silly reify ]
1281 verbose reify failed optional dependency E:\opensource\insurance-crm\node_modules\lightningcss-linux-x64-musl
1282 silly reify mark deleted [
1282 silly reify   'E:\\opensource\\insurance-crm\\node_modules\\lightningcss-linux-x64-musl'
1282 silly reify ]
1283 verbose reify failed optional dependency E:\opensource\insurance-crm\node_modules\lightningcss-linux-x64-gnu
1284 silly reify mark deleted [
1284 silly reify   'E:\\opensource\\insurance-crm\\node_modules\\lightningcss-linux-x64-gnu'
1284 silly reify ]
1285 verbose reify failed optional dependency E:\opensource\insurance-crm\node_modules\lightningcss-linux-arm64-musl
1286 silly reify mark deleted [
1286 silly reify   'E:\\opensource\\insurance-crm\\node_modules\\lightningcss-linux-arm64-musl'
1286 silly reify ]
1287 verbose reify failed optional dependency E:\opensource\insurance-crm\node_modules\lightningcss-linux-arm64-gnu
1288 silly reify mark deleted [
1288 silly reify   'E:\\opensource\\insurance-crm\\node_modules\\lightningcss-linux-arm64-gnu'
1288 silly reify ]
1289 verbose reify failed optional dependency E:\opensource\insurance-crm\node_modules\lightningcss-linux-arm-gnueabihf
1290 silly reify mark deleted [
1290 silly reify   'E:\\opensource\\insurance-crm\\node_modules\\lightningcss-linux-arm-gnueabihf'
1290 silly reify ]
1291 verbose reify failed optional dependency E:\opensource\insurance-crm\node_modules\lightningcss-freebsd-x64
1292 silly reify mark deleted [
1292 silly reify   'E:\\opensource\\insurance-crm\\node_modules\\lightningcss-freebsd-x64'
1292 silly reify ]
1293 verbose reify failed optional dependency E:\opensource\insurance-crm\node_modules\lightningcss-darwin-x64
1294 silly reify mark deleted [
1294 silly reify   'E:\\opensource\\insurance-crm\\node_modules\\lightningcss-darwin-x64'
1294 silly reify ]
1295 verbose reify failed optional dependency E:\opensource\insurance-crm\node_modules\lightningcss-darwin-arm64
1296 silly reify mark deleted [
1296 silly reify   'E:\\opensource\\insurance-crm\\node_modules\\lightningcss-darwin-arm64'
1296 silly reify ]
1297 verbose reify failed optional dependency E:\opensource\insurance-crm\node_modules\lightningcss-android-arm64
1298 silly reify mark deleted [
1298 silly reify   'E:\\opensource\\insurance-crm\\node_modules\\lightningcss-android-arm64'
1298 silly reify ]
1299 verbose reify failed optional dependency E:\opensource\insurance-crm\node_modules\fsevents
1300 silly reify mark deleted [ 'E:\\opensource\\insurance-crm\\node_modules\\fsevents' ]
1301 verbose reify failed optional dependency E:\opensource\insurance-crm\node_modules\@sentry\cli-win32-i686
1302 silly reify mark deleted [
1302 silly reify   'E:\\opensource\\insurance-crm\\node_modules\\@sentry\\cli-win32-i686'
1302 silly reify ]
1303 verbose reify failed optional dependency E:\opensource\insurance-crm\node_modules\@sentry\cli-win32-arm64
1304 silly reify mark deleted [
1304 silly reify   'E:\\opensource\\insurance-crm\\node_modules\\@sentry\\cli-win32-arm64'
1304 silly reify ]
1305 verbose reify failed optional dependency E:\opensource\insurance-crm\node_modules\@sentry\cli-linux-x64
1306 silly reify mark deleted [
1306 silly reify   'E:\\opensource\\insurance-crm\\node_modules\\@sentry\\cli-linux-x64'
1306 silly reify ]
1307 verbose reify failed optional dependency E:\opensource\insurance-crm\node_modules\@sentry\cli-linux-i686
1308 silly reify mark deleted [
1308 silly reify   'E:\\opensource\\insurance-crm\\node_modules\\@sentry\\cli-linux-i686'
1308 silly reify ]
1309 verbose reify failed optional dependency E:\opensource\insurance-crm\node_modules\@sentry\cli-linux-arm64
1310 silly reify mark deleted [
1310 silly reify   'E:\\opensource\\insurance-crm\\node_modules\\@sentry\\cli-linux-arm64'
1310 silly reify ]
1311 verbose reify failed optional dependency E:\opensource\insurance-crm\node_modules\@sentry\cli-linux-arm
1312 silly reify mark deleted [
1312 silly reify   'E:\\opensource\\insurance-crm\\node_modules\\@sentry\\cli-linux-arm'
1312 silly reify ]
1313 verbose reify failed optional dependency E:\opensource\insurance-crm\node_modules\@sentry\cli-darwin
1314 silly reify mark deleted [ 'E:\\opensource\\insurance-crm\\node_modules\\@sentry\\cli-darwin' ]
1315 timing reifyNode:node_modules/lightningcss-win32-arm64-msvc Completed in 72ms
1316 timing reifyNode:node_modules/lightningcss-linux-x64-musl Completed in 73ms
1317 timing reifyNode:node_modules/lightningcss-linux-x64-gnu Completed in 73ms
1318 timing reifyNode:node_modules/lightningcss-linux-arm64-musl Completed in 73ms
1319 timing reifyNode:node_modules/lightningcss-linux-arm64-gnu Completed in 73ms
1320 timing reifyNode:node_modules/lightningcss-linux-arm-gnueabihf Completed in 73ms
1321 timing reifyNode:node_modules/lightningcss-freebsd-x64 Completed in 73ms
1322 timing reifyNode:node_modules/lightningcss-darwin-x64 Completed in 73ms
1323 timing reifyNode:node_modules/lightningcss-darwin-arm64 Completed in 73ms
1324 timing reifyNode:node_modules/lightningcss-android-arm64 Completed in 72ms
1325 timing reifyNode:node_modules/fsevents Completed in 72ms
1326 timing reifyNode:node_modules/@sentry/cli-win32-i686 Completed in 73ms
1327 timing reifyNode:node_modules/@sentry/cli-win32-arm64 Completed in 73ms
1328 timing reifyNode:node_modules/@sentry/cli-linux-x64 Completed in 73ms
1329 timing reifyNode:node_modules/@sentry/cli-linux-i686 Completed in 74ms
1330 timing reifyNode:node_modules/@sentry/cli-linux-arm64 Completed in 74ms
1331 timing reifyNode:node_modules/@sentry/cli-linux-arm Completed in 74ms
1332 timing reifyNode:node_modules/@sentry/cli-darwin Completed in 74ms
1333 silly tarball no local data for minimatch@https://registry.npmjs.org/minimatch/-/minimatch-5.1.9.tgz. Extracting by manifest.
1334 timing reifyNode:node_modules/eastasianwidth Completed in 844ms
1335 timing reifyNode:node_modules/mute-stream Completed in 913ms
1336 timing reifyNode:node_modules/wrap-ansi-cjs Completed in 914ms
1337 timing reifyNode:node_modules/at-least-node Completed in 914ms
1338 timing reifyNode:node_modules/@tsconfig/node14 Completed in 914ms
1339 timing reifyNode:node_modules/@tsconfig/node16 Completed in 914ms
1340 timing reifyNode:node_modules/dir-glob Completed in 915ms
1341 timing reifyNode:node_modules/@tsconfig/node12 Completed in 915ms
1342 timing reifyNode:node_modules/@tsconfig/node10 Completed in 916ms
1343 timing reifyNode:node_modules/slice-ansi Completed in 917ms
1344 timing reifyNode:node_modules/password-prompt Completed in 917ms
1345 timing reifyNode:node_modules/crypt Completed in 914ms
1346 timing reifyNode:node_modules/is-extglob Completed in 915ms
1347 timing reifyNode:node_modules/error-ex Completed in 918ms
1348 timing reifyNode:node_modules/charenc Completed in 915ms
1349 timing reifyNode:node_modules/parse-json Completed in 916ms
1350 timing reifyNode:node_modules/is-retry-allowed Completed in 916ms
1351 timing reifyNode:node_modules/universalify Completed in 916ms
1352 timing reifyNode:node_modules/run-parallel Completed in 916ms
1353 timing reifyNode:node_modules/merge2 Completed in 916ms
1354 timing reifyNode:node_modules/@types/bunyan Completed in 915ms
1355 timing reifyNode:node_modules/mv/node_modules/brace-expansion Completed in 919ms
1356 timing reifyNode:node_modules/figures/node_modules/escape-string-regexp Completed in 918ms
1357 timing reifyNode:node_modules/@expo/prebuild-config/node_modules/getenv Completed in 918ms
1358 timing reifyNode:node_modules/@expo/prebuild-config/node_modules/@react-native/normalize-colors Completed in 918ms
1359 timing reifyNode:node_modules/@expo/prebuild-config/node_modules/@expo/image-utils/node_modules/universalify Completed in 918ms
1360 timing reifyNode:node_modules/@expo/eas-json/node_modules/has-flag Completed in 918ms
1361 timing reifyNode:node_modules/eas-cli/node_modules/has-flag Completed in 918ms
1362 timing reifyNode:node_modules/@expo/eas-json/node_modules/ansi-styles Completed in 918ms
1363 timing reifyNode:node_modules/@expo/eas-json/node_modules/escape-string-regexp Completed in 919ms
1364 timing reifyNode:node_modules/eas-cli/node_modules/ansi-regex Completed in 918ms
1365 timing reifyNode:node_modules/eas-cli/node_modules/escape-string-regexp Completed in 918ms
1366 timing reifyNode:node_modules/eas-cli/node_modules/ansi-styles Completed in 919ms
1367 timing reifyNode:node_modules/eas-cli/node_modules/getenv Completed in 919ms
1368 timing reifyNode:node_modules/@types/cli-progress Completed in 932ms
1369 timing reifyNode:node_modules/object-treeify Completed in 935ms
1370 timing reifyNode:node_modules/is-glob Completed in 931ms
1371 timing reifyNode:node_modules/tunnel-agent Completed in 932ms
1372 warn deprecated lodash.get@4.4.2: This package is deprecated. Use the optional chaining (?.) operator instead.
1373 timing reifyNode:node_modules/lodash.get Completed in 933ms
1374 timing reifyNode:node_modules/@expo/prebuild-config/node_modules/@babel/code-frame Completed in 935ms
1375 timing reifyNode:node_modules/@expo/eas-json/node_modules/lru-cache Completed in 935ms
1376 timing reifyNode:node_modules/eas-cli/node_modules/lru-cache Completed in 935ms
1377 timing reifyNode:node_modules/eas-cli/node_modules/@expo/json-file/node_modules/@babel/code-frame Completed in 937ms
1378 timing reifyNode:node_modules/dateformat Completed in 952ms
1379 timing reifyNode:node_modules/mv/node_modules/minimatch Completed in 955ms
1380 timing reifyNode:node_modules/streamx Completed in 969ms
1381 timing reifyNode:node_modules/lodash.merge Completed in 967ms
1382 timing reifyNode:node_modules/lodash.clonedeep Completed in 966ms
1383 timing reifyNode:node_modules/exec-async Completed in 987ms
1384 timing reifyNode:node_modules/is-interactive Completed in 988ms
1385 timing reifyNode:node_modules/temp-dir Completed in 987ms
1386 timing reifyNode:node_modules/string-width-cjs Completed in 989ms
1387 timing reifyNode:node_modules/strip-ansi-cjs Completed in 989ms
1388 timing reifyNode:node_modules/crypto-random-string Completed in 989ms
1389 timing reifyNode:node_modules/unique-string Completed in 989ms
1390 timing reifyNode:node_modules/astral-regex Completed in 989ms
1391 timing reifyNode:node_modules/array-union Completed in 989ms
1392 timing reifyNode:node_modules/path-type Completed in 989ms
1393 timing reifyNode:node_modules/hyperlinker Completed in 990ms
1394 timing reifyNode:node_modules/fast-fifo Completed in 989ms
1395 timing reifyNode:node_modules/queue-microtask Completed in 990ms
1396 timing reifyNode:node_modules/is-unicode-supported Completed in 990ms
1397 timing reifyNode:node_modules/json-parse-better-errors Completed in 991ms
1398 timing reifyNode:node_modules/content-type Completed in 988ms
1399 timing reifyNode:node_modules/is-stream Completed in 988ms
1400 timing reifyNode:node_modules/jsonfile Completed in 987ms
1401 timing reifyNode:node_modules/glob-parent Completed in 988ms
1402 timing reifyNode:node_modules/widest-line Completed in 988ms
1403 timing reifyNode:node_modules/clean-stack Completed in 988ms
1404 timing reifyNode:node_modules/untildify Completed in 988ms
1405 timing reifyNode:node_modules/pkg-dir Completed in 988ms
1406 timing reifyNode:node_modules/indent-string Completed in 989ms
1407 timing reifyNode:node_modules/env-paths Completed in 989ms
1408 timing reifyNode:node_modules/figures Completed in 990ms
1409 timing reifyNode:node_modules/@isaacs/cliui/node_modules/ansi-regex Completed in 999ms
1410 timing reifyNode:node_modules/@isaacs/cliui/node_modules/strip-ansi Completed in 1000ms
1411 timing reifyNode:node_modules/@isaacs/cliui/node_modules/wrap-ansi Completed in 1000ms
1412 timing reifyNode:node_modules/@isaacs/cliui/node_modules/string-width Completed in 1001ms
1413 timing reifyNode:node_modules/@oclif/core/node_modules/supports-color Completed in 993ms
1414 warn deprecated rimraf@2.4.5: Rimraf versions prior to v4 are no longer supported
1415 timing reifyNode:node_modules/mv/node_modules/rimraf Completed in 996ms
1416 timing reifyNode:node_modules/@expo/prebuild-config/node_modules/write-file-atomic Completed in 995ms
1417 timing reifyNode:node_modules/@expo/plugin-help/node_modules/supports-color Completed in 995ms
1418 timing reifyNode:node_modules/@expo/plugin-warn-if-update-available/node_modules/supports-color Completed in 995ms
1419 timing reifyNode:node_modules/@expo/eas-json/node_modules/supports-color Completed in 996ms
1420 timing reifyNode:node_modules/eas-cli/node_modules/supports-color Completed in 995ms
1421 timing reifyNode:node_modules/eas-cli/node_modules/mimic-fn Completed in 996ms
1422 timing reifyNode:node_modules/eas-cli/node_modules/restore-cursor Completed in 996ms
1423 timing reifyNode:node_modules/eas-cli/node_modules/write-file-atomic Completed in 996ms
1424 timing reifyNode:node_modules/eas-cli/node_modules/onetime Completed in 996ms
1425 timing reifyNode:node_modules/eas-cli/node_modules/ora/node_modules/cli-cursor Completed in 997ms
1426 timing reifyNode:node_modules/eas-cli/node_modules/@expo/package-manager/node_modules/ora Completed in 996ms
1427 timing reifyNode:node_modules/eas-cli/node_modules/@expo/package-manager/node_modules/strip-ansi Completed in 997ms
1428 timing reifyNode:node_modules/eas-cli/node_modules/@expo/package-manager/node_modules/log-symbols Completed in 998ms
1429 timing reifyNode:node_modules/ansicolors Completed in 1010ms
1430 timing reifyNode:node_modules/filelist Completed in 1007ms
1431 timing reifyNode:node_modules/@sideway/pinpoint Completed in 1007ms
1432 timing reifyNode:node_modules/is-buffer Completed in 1007ms
1433 timing reifyNode:node_modules/combined-stream Completed in 1008ms
1434 timing reifyNode:node_modules/@hapi/topo Completed in 1010ms
1435 timing reifyNode:node_modules/lilconfig Completed in 1010ms
1436 timing reifyNode:node_modules/@isaacs/cliui/node_modules/ansi-styles Completed in 1019ms
1437 timing reifyNode:node_modules/@expo/pkcs12 Completed in 1009ms
1438 timing reifyNode:node_modules/ts-node/node_modules/arg Completed in 1019ms
1439 timing reifyNode:node_modules/eas-cli/node_modules/yallist Completed in 1011ms
1440 timing reifyNode:node_modules/@expo/eas-json/node_modules/yallist Completed in 1012ms
1441 timing reifyNode:node_modules/eas-cli/node_modules/ora Completed in 1012ms
1442 timing reifyNode:node_modules/@sideway/formula Completed in 1022ms
1443 timing reifyNode:node_modules/gradle-to-js Completed in 1021ms
1444 timing reifyNode:node_modules/@expo/eas-json/node_modules/@babel/code-frame Completed in 1023ms
1445 timing reifyNode:node_modules/eas-cli/node_modules/minimatch Completed in 1026ms
1446 timing reifyNode:node_modules/eas-cli/node_modules/@expo/env/node_modules/getenv Completed in 1027ms
1447 timing reifyNode:node_modules/eas-cli/node_modules/@expo/config-plugins/node_modules/getenv Completed in 1027ms
1448 timing reifyNode:node_modules/eas-cli/node_modules/@expo/config/node_modules/getenv Completed in 1029ms
1449 timing reifyNode:node_modules/node-stream-zip Completed in 1035ms
1450 timing reifyNode:node_modules/yn Completed in 1048ms
1451 timing reifyNode:node_modules/create-require Completed in 1049ms
1452 timing reifyNode:node_modules/v8-compile-cache-lib Completed in 1050ms
1453 timing reifyNode:node_modules/remove-trailing-slash Completed in 1047ms
1454 timing reifyNode:node_modules/ansis Completed in 1048ms
1455 timing reifyNode:node_modules/env-string Completed in 1048ms
1456 timing reifyNode:node_modules/keychain Completed in 1049ms
1457 timing reifyNode:node_modules/@expo/prebuild-config/node_modules/@expo/config-types Completed in 1051ms
1458 timing reifyNode:node_modules/@expo/eas-json/node_modules/log-symbols Completed in 1050ms
1459 timing reifyNode:node_modules/eas-cli/node_modules/log-symbols Completed in 1050ms
1460 timing reifyNode:node_modules/eas-cli/node_modules/@expo/config-types Completed in 1050ms
1461 timing reifyNode:node_modules/delayed-stream Completed in 1062ms
1462 timing reifyNode:node_modules/mv/node_modules/mkdirp Completed in 1064ms
1463 timing reifyNode:node_modules/make-error Completed in 1079ms
1464 timing reifyNode:node_modules/text-decoder Completed in 1078ms
1465 timing reifyNode:node_modules/eas-cli/node_modules/@expo/osascript Completed in 1080ms
1466 warn deprecated glob@6.0.4: Old versions of glob are not supported, and contain widely publicized security vulnerabilities, which have been fixed in the current version. Please update. Support for old versions may be purchased (at exorbitant rates) by contacting i@izs.me
1467 timing reifyNode:node_modules/mv/node_modules/glob Completed in 1092ms
1468 timing reifyNode:node_modules/eas-cli/node_modules/ignore Completed in 1093ms
1469 timing reifyNode:node_modules/eas-cli/node_modules/@expo/env Completed in 1093ms
1470 timing reifyNode:node_modules/events-universal Completed in 1104ms
1471 timing reifyNode:node_modules/@expo/eas-json/node_modules/color-name Completed in 1104ms
1472 timing reifyNode:node_modules/eas-cli/node_modules/color-name Completed in 1104ms
1473 timing reifyNode:node_modules/globby Completed in 1118ms
1474 timing reifyNode:node_modules/@expo/rudder-sdk-node Completed in 1115ms
1475 timing reifyNode:node_modules/@expo/eas-json/node_modules/color-convert Completed in 1116ms
1476 timing reifyNode:node_modules/eas-cli/node_modules/color-convert Completed in 1117ms
1477 timing reifyNode:node_modules/safer-buffer Completed in 1129ms
1478 timing reifyNode:node_modules/envinfo Completed in 1130ms
1479 timing reifyNode:node_modules/@expo/results Completed in 1130ms
1480 timing reifyNode:node_modules/@expo/prebuild-config/node_modules/commander Completed in 1133ms
1481 timing reifyNode:node_modules/@expo/eas-json/node_modules/@babel/code-frame/node_modules/chalk Completed in 1132ms
1482 timing reifyNode:node_modules/eas-cli/node_modules/@expo/package-manager/node_modules/log-symbols/node_modules/chalk Completed in 1132ms
1483 timing reifyNode:node_modules/eas-cli/node_modules/@expo/package-manager/node_modules/ora/node_modules/chalk Completed in 1132ms
1484 timing reifyNode:node_modules/ts-deepmerge Completed in 1139ms
1485 timing reifyNode:node_modules/@isaacs/cliui Completed in 1159ms
1486 timing reifyNode:node_modules/@expo/bunyan Completed in 1155ms
1487 timing reifyNode:node_modules/error-ex/node_modules/is-arrayish Completed in 1162ms
1488 timing reifyNode:node_modules/join-component Completed in 1167ms
1489 timing reifyNode:node_modules/promise-retry Completed in 1179ms
1490 timing reifyNode:node_modules/tar-stream Completed in 1179ms
1491 timing reifyNode:node_modules/acorn-walk Completed in 1209ms
1492 timing reifyNode:node_modules/@expo/plugin-help Completed in 1205ms
1493 timing reifyNode:node_modules/@expo/multipart-body-parser Completed in 1206ms
1494 timing reifyNode:node_modules/@expo/logger Completed in 1216ms
1495 timing reifyNode:node_modules/@expo/prebuild-config/node_modules/@expo/config-plugins/node_modules/@expo/json-file Completed in 1219ms
1496 timing reifyNode:node_modules/eas-cli/node_modules/node-fetch Completed in 1220ms
1497 timing reifyNode:node_modules/eas-cli/node_modules/@expo/json-file Completed in 1220ms
1498 timing reifyNode:node_modules/safe-json-stringify Completed in 1227ms
1499 timing reifyNode:node_modules/form-data Completed in 1228ms
1500 timing reifyNode:node_modules/bunyan Completed in 1233ms
1501 timing reifyNode:node_modules/md5 Completed in 1239ms
1502 timing reifyNode:node_modules/wordwrap Completed in 1250ms
1503 timing reifyNode:node_modules/@segment/loosely-validate-event Completed in 1251ms
1504 timing reifyNode:node_modules/err-code Completed in 1261ms
1505 timing reifyNode:node_modules/get-intrinsic Completed in 1261ms
1506 timing reifyNode:node_modules/es-set-tostringtag Completed in 1269ms
1507 timing reifyNode:node_modules/bare-events Completed in 1284ms
1508 timing reifyNode:node_modules/mv Completed in 1279ms
1509 timing reifyNode:node_modules/promise-limit Completed in 1279ms
1510 timing reifyNode:node_modules/asn1 Completed in 1293ms
1511 timing reifyNode:node_modules/component-type Completed in 1289ms
1512 timing reifyNode:node_modules/eas-cli/node_modules/mime Completed in 1313ms
1513 timing reifyNode:node_modules/@expo/plugin-warn-if-update-available Completed in 1319ms
1514 timing reifyNode:node_modules/@sentry/node/node_modules/agent-base Completed in 1327ms
1515 timing reifyNode:node_modules/@expo/prebuild-config/node_modules/@expo/plist Completed in 1328ms
1516 timing reifyNode:node_modules/eas-cli/node_modules/agent-base Completed in 1330ms
1517 timing reifyNode:node_modules/eas-cli/node_modules/@expo/plist Completed in 1330ms
1518 timing reifyNode:node_modules/@cspotcode/source-map-support Completed in 1343ms
1519 timing reifyNode:node_modules/eas-cli/node_modules/@expo/config-plugins/node_modules/@expo/plist Completed in 1334ms
1520 timing reifyNode:node_modules/es-define-property Completed in 1350ms
1521 http fetch POST 200 https://registry.npmjs.org/-/npm/v1/security/advisories/bulk 1364ms
1522 timing auditReport:getReport Completed in 1370ms
1523 silly audit report {
1523 silly audit report   'brace-expansion': [
1523 silly audit report     {
1523 silly audit report       id: 1115540,
1523 silly audit report       url: 'https://github.com/advisories/GHSA-f886-m6hf-6m8v',
1523 silly audit report       title: 'brace-expansion: Zero-step sequence causes process hang and memory exhaustion',
1523 silly audit report       severity: 'moderate',
1523 silly audit report       vulnerable_versions: '<1.1.13',
1523 silly audit report       cwe: [Array],
1523 silly audit report       cvss: [Object]
1523 silly audit report     },
1523 silly audit report     {
1523 silly audit report       id: 1115541,
1523 silly audit report       url: 'https://github.com/advisories/GHSA-f886-m6hf-6m8v',
1523 silly audit report       title: 'brace-expansion: Zero-step sequence causes process hang and memory exhaustion',
1523 silly audit report       severity: 'moderate',
1523 silly audit report       vulnerable_versions: '>=2.0.0 <2.0.3',
1523 silly audit report       cwe: [Array],
1523 silly audit report       cvss: [Object]
1523 silly audit report     },
1523 silly audit report     {
1523 silly audit report       id: 1115543,
1523 silly audit report       url: 'https://github.com/advisories/GHSA-f886-m6hf-6m8v',
1523 silly audit report       title: 'brace-expansion: Zero-step sequence causes process hang and memory exhaustion',
1523 silly audit report       severity: 'moderate',
1523 silly audit report       vulnerable_versions: '>=4.0.0 <5.0.5',
1523 silly audit report       cwe: [Array],
1523 silly audit report       cvss: [Object]
1523 silly audit report     }
1523 silly audit report   ],
1523 silly audit report   minimatch: [
1523 silly audit report     {
1523 silly audit report       id: 1113461,
1523 silly audit report       url: 'https://github.com/advisories/GHSA-3ppc-4f35-3m26',
1523 silly audit report       title: 'minimatch has a ReDoS via repeated wildcards with non-matching literal in pattern',
1523 silly audit report       severity: 'high',
1523 silly audit report       vulnerable_versions: '>=5.0.0 <5.1.7',
1523 silly audit report       cwe: [Array],
1523 silly audit report       cvss: [Object]
1523 silly audit report     },
1523 silly audit report     {
1523 silly audit report       id: 1113540,
1523 silly audit report       url: 'https://github.com/advisories/GHSA-7r86-cg39-jmmj',
1523 silly audit report       title: 'minimatch has ReDoS: matchOne() combinatorial backtracking via multiple non-adjacent GLOBSTAR segments',
1523 silly audit report       severity: 'high',
1523 silly audit report       vulnerable_versions: '>=5.0.0 <5.1.8',
1523 silly audit report       cwe: [Array],
1523 silly audit report       cvss: [Object]
1523 silly audit report     },
1523 silly audit report     {
1523 silly audit report       id: 1113548,
1523 silly audit report       url: 'https://github.com/advisories/GHSA-23c5-xmqv-rm74',
1523 silly audit report       title: 'minimatch ReDoS: nested *() extglobs generate catastrophically backtracking regular expressions',
1523 silly audit report       severity: 'high',
1523 silly audit report       vulnerable_versions: '>=5.0.0 <5.1.8',
1523 silly audit report       cwe: [Array],
1523 silly audit report       cvss: [Object]
1523 silly audit report     }
1523 silly audit report   ],
1523 silly audit report   '@xmldom/xmldom': [
1523 silly audit report     {
1523 silly audit report       id: 1117097,
1523 silly audit report       url: 'https://github.com/advisories/GHSA-wh4c-j3r5-mjhp',
1523 silly audit report       title: 'xmldom: XML injection via unsafe CDATA serialization allows attacker-controlled markup insertion',
1523 silly audit report       severity: 'high',
1523 silly audit report       vulnerable_versions: '<0.8.12',
1523 silly audit report       cwe: [Array],
1523 silly audit report       cvss: [Object]
1523 silly audit report     },
1523 silly audit report     {
1523 silly audit report       id: 1117894,
1523 silly audit report       url: 'https://github.com/advisories/GHSA-2v35-w6hq-6mfw',
1523 silly audit report       title: 'xmldom: Uncontrolled recursion in XML serialization leads to DoS',
1523 silly audit report       severity: 'high',
1523 silly audit report       vulnerable_versions: '<0.8.13',
1523 silly audit report       cwe: [Array],
1523 silly audit report       cvss: [Object]
1523 silly audit report     },
1523 silly audit report     {
1523 silly audit report       id: 1117897,
1523 silly audit report       url: 'https://github.com/advisories/GHSA-f6ww-3ggp-fr8h',
1523 silly audit report       title: 'xmldom has XML injection through unvalidated DocumentType serialization',
1523 silly audit report       severity: 'high',
1523 silly audit report       vulnerable_versions: '<0.8.13',
1523 silly audit report       cwe: [Array],
1523 silly audit report       cvss: [Object]
1523 silly audit report     },
1523 silly audit report     {
1523 silly audit report       id: 1117900,
1523 silly audit report       url: 'https://github.com/advisories/GHSA-x6wf-f3px-wcqx',
1523 silly audit report       title: 'xmldom has XML node injection through unvalidated processing instruction serialization',
1523 silly audit report       severity: 'high',
1523 silly audit report       vulnerable_versions: '<0.8.13',
1523 silly audit report       cwe: [Array],
1523 silly audit report       cvss: [Object]
1523 silly audit report     },
1523 silly audit report     {
1523 silly audit report       id: 1117903,
1523 silly audit report       url: 'https://github.com/advisories/GHSA-j759-j44w-7fr8',
1523 silly audit report       title: 'xmldom has XML node injection through unvalidated comment serialization',
1523 silly audit report       severity: 'high',
1523 silly audit report       vulnerable_versions: '<0.8.13',
1523 silly audit report       cwe: [Array],
1523 silly audit report       cvss: [Object]
1523 silly audit report     }
1523 silly audit report   ],
1523 silly audit report   picomatch: [
1523 silly audit report     {
1523 silly audit report       id: 1115549,
1523 silly audit report       url: 'https://github.com/advisories/GHSA-3v7f-55p6-f55p',
1523 silly audit report       title: 'Picomatch: Method Injection in POSIX Character Classes causes incorrect Glob Matching',
1523 silly audit report       severity: 'moderate',
1523 silly audit report       vulnerable_versions: '<2.3.2',
1523 silly audit report       cwe: [Array],
1523 silly audit report       cvss: [Object]
1523 silly audit report     },
1523 silly audit report     {
1523 silly audit report       id: 1115551,
1523 silly audit report       url: 'https://github.com/advisories/GHSA-3v7f-55p6-f55p',
1523 silly audit report       title: 'Picomatch: Method Injection in POSIX Character Classes causes incorrect Glob Matching',
1523 silly audit report       severity: 'moderate',
1523 silly audit report       vulnerable_versions: '>=4.0.0 <4.0.4',
1523 silly audit report       cwe: [Array],
1523 silly audit report       cvss: [Object]
1523 silly audit report     },
1523 silly audit report     {
1523 silly audit report       id: 1115552,
1523 silly audit report       url: 'https://github.com/advisories/GHSA-c2c7-rcm5-vvqj',
1523 silly audit report       title: 'Picomatch has a ReDoS vulnerability via extglob quantifiers',
1523 silly audit report       severity: 'high',
1523 silly audit report       vulnerable_versions: '<2.3.2',
1523 silly audit report       cwe: [Array],
1523 silly audit report       cvss: [Object]
1523 silly audit report     },
1523 silly audit report     {
1523 silly audit report       id: 1115554,
1523 silly audit report       url: 'https://github.com/advisories/GHSA-c2c7-rcm5-vvqj',
1523 silly audit report       title: 'Picomatch has a ReDoS vulnerability via extglob quantifiers',
1523 silly audit report       severity: 'high',
1523 silly audit report       vulnerable_versions: '>=4.0.0 <4.0.4',
1523 silly audit report       cwe: [Array],
1523 silly audit report       cvss: [Object]
1523 silly audit report     }
1523 silly audit report   ],
1523 silly audit report   'node-forge': [
1523 silly audit report     {
1523 silly audit report       id: 1110996,
1523 silly audit report       url: 'https://github.com/advisories/GHSA-554w-wpv2-vw27',
1523 silly audit report       title: 'node-forge has ASN.1 Unbounded Recursion',
1523 silly audit report       severity: 'high',
1523 silly audit report       vulnerable_versions: '<1.3.2',
1523 silly audit report       cwe: [Array],
1523 silly audit report       cvss: [Object]
1523 silly audit report     },
1523 silly audit report     {
1523 silly audit report       id: 1110998,
1523 silly audit report       url: 'https://github.com/advisories/GHSA-5gfm-wpxj-wjgq',
1523 silly audit report       title: 'node-forge has an Interpretation Conflict vulnerability via its ASN.1 Validator Desynchronization',
1523 silly audit report       severity: 'high',
1523 silly audit report       vulnerable_versions: '<1.3.2',
1523 silly audit report       cwe: [Array],
1523 silly audit report       cvss: [Object]
1523 silly audit report     },
1523 silly audit report     {
1523 silly audit report       id: 1111068,
1523 silly audit report       url: 'https://github.com/advisories/GHSA-65ch-62r8-g69g',
1523 silly audit report       title: 'node-forge is vulnerable to ASN.1 OID Integer Truncation',
1523 silly audit report       severity: 'moderate',
1523 silly audit report       vulnerable_versions: '<1.3.2',
1523 silly audit report       cwe: [Array],
1523 silly audit report       cvss: [Object]
1523 silly audit report     },
1523 silly audit report     {
1523 silly audit report       id: 1115545,
1523 silly audit report       url: 'https://github.com/advisories/GHSA-2328-f5f3-gj25',
1523 silly audit report       title: 'Forge has a basicConstraints bypass in its certificate chain verification (RFC 5280 violation)',
1523 silly audit report       severity: 'high',
1523 silly audit report       vulnerable_versions: '<=1.3.3',
1523 silly audit report       cwe: [Array],
1523 silly audit report       cvss: [Object]
1523 silly audit report     },
1523 silly audit report     {
1523 silly audit report       id: 1115546,
1523 silly audit report       url: 'https://github.com/advisories/GHSA-q67f-28xg-22rw',
1523 silly audit report       title: 'Forge has signature forgery in Ed25519 due to missing S > L check',
1523 silly audit report       severity: 'high',
1523 silly audit report       vulnerable_versions: '<1.4.0',
1523 silly audit report       cwe: [Array],
1523 silly audit report       cvss: [Object]
1523 silly audit report     },
1523 silly audit report     {
1523 silly audit report       id: 1115548,
1523 silly audit report       url: 'https://github.com/advisories/GHSA-5m6q-g25r-mvwx',
1523 silly audit report       title: 'Forge has Denial of Service via Infinite Loop in BigInteger.modInverse() with Zero Input',
1523 silly audit report       severity: 'high',
1523 silly audit report       vulnerable_versions: '<1.4.0',
1523 silly audit report       cwe: [Array],
1523 silly audit report       cvss: [Object]
1523 silly audit report     },
1523 silly audit report     {
1523 silly audit report       id: 1115612,
1523 silly audit report       url: 'https://github.com/advisories/GHSA-ppp5-5v6c-4jwp',
1523 silly audit report       title: 'Forge has signature forgery in RSA-PKCS due to ASN.1 extra field  ',
1523 silly audit report       severity: 'high',
1523 silly audit report       vulnerable_versions: '<1.4.0',
1523 silly audit report       cwe: [Array],
1523 silly audit report       cvss: [Object]
1523 silly audit report     }
1523 silly audit report   ],
1523 silly audit report   postcss: [
1523 silly audit report     {
1523 silly audit report       id: 1117015,
1523 silly audit report       url: 'https://github.com/advisories/GHSA-qx2v-qp2m-jg93',
1523 silly audit report       title: 'PostCSS has XSS via Unescaped </style> in its CSS Stringify Output',
1523 silly audit report       severity: 'moderate',
1523 silly audit report       vulnerable_versions: '<8.5.10',
1523 silly audit report       cwe: [Array],
1523 silly audit report       cvss: [Object]
1523 silly audit report     }
1523 silly audit report   ],
1523 silly audit report   tar: [
1523 silly audit report     {
1523 silly audit report       id: 1113375,
1523 silly audit report       url: 'https://github.com/advisories/GHSA-83g3-92jg-28cx',
1523 silly audit report       title: 'Arbitrary File Read/Write via Hardlink Target Escape Through Symlink Chain in node-tar Extraction',
1523 silly audit report       severity: 'high',
1523 silly audit report       vulnerable_versions: '<7.5.8',
1523 silly audit report       cwe: [Array],
1523 silly audit report       cvss: [Object]
1523 silly audit report     },
1523 silly audit report     {
1523 silly audit report       id: 1114200,
1523 silly audit report       url: 'https://github.com/advisories/GHSA-qffp-2rhf-9h96',
1523 silly audit report       title: 'tar has Hardlink Path Traversal via Drive-Relative Linkpath',
1523 silly audit report       severity: 'high',
1523 silly audit report       vulnerable_versions: '<=7.5.9',
1523 silly audit report       cwe: [Array],
1523 silly audit report       cvss: [Object]
1523 silly audit report     },
1523 silly audit report     {
1523 silly audit report       id: 1114302,
1523 silly audit report       url: 'https://github.com/advisories/GHSA-9ppj-qmqm-q256',
1523 silly audit report       title: 'node-tar Symlink Path Traversal via Drive-Relative Linkpath',
1523 silly audit report       severity: 'high',
1523 silly audit report       vulnerable_versions: '<=7.5.10',
1523 silly audit report       cwe: [Array],
1523 silly audit report       cvss: [Object]
1523 silly audit report     }
1523 silly audit report   ],
1523 silly audit report   yaml: [
1523 silly audit report     {
1523 silly audit report       id: 1115556,
1523 silly audit report       url: 'https://github.com/advisories/GHSA-48c2-rrv3-qjmp',
1523 silly audit report       title: 'yaml is vulnerable to Stack Overflow via deeply nested YAML collections',
1523 silly audit report       severity: 'moderate',
1523 silly audit report       vulnerable_versions: '>=2.0.0 <2.8.3',
1523 silly audit report       cwe: [Array],
1523 silly audit report       cvss: [Object]
1523 silly audit report     }
1523 silly audit report   ],
1523 silly audit report   ajv: [
1523 silly audit report     {
1523 silly audit report       id: 1113715,
1523 silly audit report       url: 'https://github.com/advisories/GHSA-2g4f-4pwh-qvx6',
1523 silly audit report       title: 'ajv has ReDoS when using `$data` option',
1523 silly audit report       severity: 'moderate',
1523 silly audit report       vulnerable_versions: '>=7.0.0-alpha.0 <8.18.0',
1523 silly audit report       cwe: [Array],
1523 silly audit report       cvss: [Object]
1523 silly audit report     }
1523 silly audit report   ],
1523 silly audit report   diff: [
1523 silly audit report     {
1523 silly audit report       id: 1112706,
1523 silly audit report       url: 'https://github.com/advisories/GHSA-73rr-hh4g-fpgx',
1523 silly audit report       title: 'jsdiff has a Denial of Service vulnerability in parsePatch and applyPatch',
1523 silly audit report       severity: 'low',
1523 silly audit report       vulnerable_versions: '>=6.0.0 <8.0.3',
1523 silly audit report       cwe: [Array],
1523 silly audit report       cvss: [Object]
1523 silly audit report     }
1523 silly audit report   ]
1523 silly audit report }
1524 timing metavuln:packument:brace-expansion Completed in 7ms
1525 timing metavuln:packument:minimatch Completed in 6ms
1526 timing metavuln:packument:@xmldom/xmldom Completed in 5ms
1527 timing metavuln:packument:node-forge Completed in 2ms
1528 timing metavuln:packument:tar Completed in 1ms
1529 timing metavuln:packument:yaml Completed in 1ms
1530 timing metavuln:packument:ajv Completed in 1ms
1531 timing metavuln:packument:diff Completed in 1ms
1532 timing reifyNode:node_modules/@sentry/node/node_modules/https-proxy-agent Completed in 1366ms
1533 timing reifyNode:node_modules/eas-cli/node_modules/https-proxy-agent Completed in 1365ms
1534 timing metavuln:cache:get:security-advisory:brace-expansion:kIHgu1L8zIy7pY0wp6wYzUm7tst3xTM2tiSYrstcGK/XsO7o4p6zyuUSjq93oH1dvU2tbEvlSW+gaNbGIbeudw== Completed in 17ms
1535 timing metavuln:load:security-advisory:brace-expansion:1115540 Completed in 5ms
1536 timing metavuln:cache:get:security-advisory:brace-expansion:ZHzAtnciS42HIMtUGajCifTIrkCUkWb93u/V1lJEt9HzdJ+ypMofn/dKgSOaziPQj+WGAcGS7t7WdPUHJBz0LA== Completed in 22ms
1537 timing metavuln:load:security-advisory:brace-expansion:1115541 Completed in 1ms
1538 timing metavuln:cache:get:security-advisory:brace-expansion:X+2z5DmMLLtwcvbDUIIjlBiuIe1FsJr11BHH+Ya9VXvIONFkKQYgmP974CbVQDuFz9UTSVTqC37pXxmuKfUHmw== Completed in 23ms
1539 timing metavuln:load:security-advisory:brace-expansion:1115543 Completed in 1ms
1540 timing metavuln:cache:get:security-advisory:picomatch:GSQ5ghUF1JWDKMssoydWDVRebjlPePRwktLhrdWzXCq5xeBXdo4Cm9HGHnH2b6P1Nq93YjwPmimVjAx6kge32A== Completed in 20ms
1541 timing metavuln:cache:get:security-advisory:picomatch:2VXNT0aF/Oc+aljqzVZL+y7UYoRsun3f1sCqjauwt4R4X9DizyqvONZbNtH8U58EY1DnyPNR0Ul3cX6UkEWNqw== Completed in 19ms
1542 timing metavuln:cache:get:security-advisory:picomatch:H8EHkZXRRUdil3DyUl8tc8lCQUliQzjc5H5D4llqFojH152sBqO1suz3XiNiRQT++wJdWkgXe/zFc/Bbrrz6ng== Completed in 19ms
1543 timing metavuln:cache:get:security-advisory:picomatch:PpR3fLr2OHopA+LsAWF3etD15aOC+jSmDwUcp4VQCTrR40wKvI/IGhhNd2qAhozxRYiHGwb06lLJm+b8SMoG/w== Completed in 20ms
1544 timing metavuln:cache:get:security-advisory:postcss:685RVq5xScaqegAXk2BRJrsMaZmsz1d/volUoA67iVw3AvHhUlX03u+VPRrmo8iuObcSDvuZF+fuiOnLC9L1uA== Completed in 19ms
1545 timing reifyNode:node_modules/eas-cli/node_modules/dotenv Completed in 1380ms
1546 timing reifyNode:node_modules/eas-cli/node_modules/@expo/env/node_modules/dotenv Completed in 1392ms
1547 timing reifyNode:node_modules/ejs Completed in 1400ms
1548 timing reifyNode:node_modules/@expo/prebuild-config/node_modules/@expo/json-file Completed in 1400ms
1549 timing reifyNode:node_modules/eas-cli/node_modules/@expo/package-manager/node_modules/@expo/json-file Completed in 1404ms
1550 timing reifyNode:node_modules/eas-cli/node_modules/@expo/config/node_modules/@expo/json-file Completed in 1405ms
1551 timing reifyNode:node_modules/gopd Completed in 1412ms
1552 timing reifyNode:node_modules/@sideway/address Completed in 1414ms
1553 timing reifyNode:node_modules/eas-cli/node_modules/@expo/config-plugins/node_modules/@expo/json-file Completed in 1408ms
1554 timing reifyNode:node_modules/http-call Completed in 1412ms
1555 timing reifyNode:node_modules/b4a Completed in 1426ms
1556 timing reifyNode:node_modules/@expo/eas-json/node_modules/tslib Completed in 1426ms
1557 timing reifyNode:node_modules/turndown Completed in 1437ms
1558 timing reifyNode:node_modules/json-schema-traverse Completed in 1451ms
1559 timing metavuln:cache:get:security-advisory:minimatch:txOieOIAfgHfBPiN09+pYAjPLRzgUOz3D3illtf9vTzeqs41QJZjfj5jVXCi/3ICpBX0YlJi/ghdWSjCJwNtwA== Completed in 101ms
1560 timing metavuln:load:security-advisory:minimatch:1113540 Completed in 1ms
1561 timing metavuln:calculate:security-advisory:minimatch:1113540 Completed in 103ms
1562 timing metavuln:cache:get:security-advisory:minimatch:/utMkAt3a6jSPsaWIJ1J7tAb7G+ccGxNsymbhFTVWOMIyhRZOJ9QR0zn1SNtejrdUO5fsO4RDJKDMI6C5/bkuw== Completed in 103ms
1563 timing metavuln:load:security-advisory:minimatch:1113461 Completed in 1ms
1564 timing metavuln:calculate:security-advisory:minimatch:1113461 Completed in 104ms
1565 timing metavuln:cache:get:security-advisory:minimatch:d1vHbFmApmPZ8D7tU5wibuYDk+ODEPdqBqmhQYykwFs/yMixetMkwY01zYVdWNOsg0NvkvSTlNgJ2ddzclruSA== Completed in 104ms
1566 timing metavuln:load:security-advisory:minimatch:1113548 Completed in 1ms
1567 timing metavuln:calculate:security-advisory:minimatch:1113548 Completed in 105ms
1568 timing metavuln:cache:get:security-advisory:@xmldom/xmldom:UO8o+HubJZljAOsONa0ikXwigA9QoFwy8LjEy2wTn0REZ0X/zPbXcsPuSwevaXPUPowpvs873fJ3lozFcKJRSg== Completed in 104ms
1569 timing metavuln:load:security-advisory:@xmldom/xmldom:1117097 Completed in 1ms
1570 timing metavuln:calculate:security-advisory:@xmldom/xmldom:1117097 Completed in 105ms
1571 timing metavuln:cache:get:security-advisory:@xmldom/xmldom:LyXCX3fGCo/n+OlLzdU5qxncEtvCcjnbMHT9KYy/Myo/rdVpNLmZ+yydK0HlMNVo0PDDqJCBjw83An6UMHzuiA== Completed in 104ms
1572 timing metavuln:load:security-advisory:@xmldom/xmldom:1117900 Completed in 0ms
1573 timing metavuln:calculate:security-advisory:@xmldom/xmldom:1117900 Completed in 104ms
1574 timing metavuln:cache:get:security-advisory:@xmldom/xmldom:ttIZscllx03xQS8Vpjg579tnXHuxoFwvyNfoyHRdF7fK9gSrqyzkmXrTQrQ9aVDAfxlrcKh80s+iZlVrzIRyxw== Completed in 104ms
1575 timing metavuln:load:security-advisory:@xmldom/xmldom:1117903 Completed in 1ms
1576 timing metavuln:calculate:security-advisory:@xmldom/xmldom:1117903 Completed in 105ms
1577 timing metavuln:cache:get:security-advisory:@xmldom/xmldom:RCxL+q4yhkNrMvynojzDGnXtZMnV/jo0k8F12m+LaotFkpEoCz2C05UNnQSnTEGHeLdqK0jnc1zdjQJ5Lkh1Zw== Completed in 106ms
1578 timing metavuln:load:security-advisory:@xmldom/xmldom:1117894 Completed in 0ms
1579 timing metavuln:calculate:security-advisory:@xmldom/xmldom:1117894 Completed in 106ms
1580 timing metavuln:cache:get:security-advisory:node-forge:h2Y2QOvu7PmQIHUVvHow3nG5n5h8bB9ZcjcQZptxDXAV3qwUST237segpfeOslJxLYLLiVSCGAdsyjUnCx0Eng== Completed in 104ms
1581 timing metavuln:load:security-advisory:node-forge:1110996 Completed in 0ms
1582 timing metavuln:calculate:security-advisory:node-forge:1110996 Completed in 104ms
1583 timing metavuln:cache:get:security-advisory:node-forge:JIDoj7z/eOXqCgmQ9MOjGt3jXXGj9OiasjyRHqgc3hre/7j1p7oIvpkBnGeVZ2WRYgFrmIB9eDNrsQTv8vnYkw== Completed in 104ms
1584 timing metavuln:load:security-advisory:node-forge:1111068 Completed in 0ms
1585 timing metavuln:calculate:security-advisory:node-forge:1111068 Completed in 105ms
1586 timing metavuln:cache:get:security-advisory:node-forge:B1naEMfsfvhGZ/l2lYr0JKzrVPysA4WNvJmW2Hwx7AJkEVC9k8FrOY2uijhMlpicvvXMAdvYRE5ToxXlLHJr0w== Completed in 105ms
1587 timing metavuln:load:security-advisory:node-forge:1110998 Completed in 1ms
1588 timing metavuln:calculate:security-advisory:node-forge:1110998 Completed in 106ms
1589 timing metavuln:cache:get:security-advisory:node-forge:9gPnM0fC3ZtXNFjXCCX1sMog6poA45TgxvqtdwCBZHiHDYaqf2GoRTS/4emN29zu0OT3mEpGkJmO50PiMjTvcQ== Completed in 105ms
1590 timing metavuln:load:security-advisory:node-forge:1115546 Completed in 1ms
1591 timing metavuln:calculate:security-advisory:node-forge:1115546 Completed in 106ms
1592 timing metavuln:cache:get:security-advisory:node-forge:q1WohRunmlmMGJb/g0LtWLVFL0f3jk1XBFVXELhgogRkbruTOpWbBMdq6LFyUoYmxiTZu88oJHum3I7+Hi3G0g== Completed in 106ms
1593 timing metavuln:load:security-advisory:node-forge:1115548 Completed in 0ms
1594 timing metavuln:calculate:security-advisory:node-forge:1115548 Completed in 106ms
1595 timing metavuln:cache:get:security-advisory:node-forge:RZMn4WSE8DkDTpH3Ooewnjaecy8LY0uszHTLK5je5KOXtHYUuD92dg4UgcwB1jh1BWI0j0asRwqbOenVyby/ZA== Completed in 107ms
1596 timing metavuln:load:security-advisory:node-forge:1115545 Completed in 0ms
1597 timing metavuln:calculate:security-advisory:node-forge:1115545 Completed in 107ms
1598 timing metavuln:cache:get:security-advisory:node-forge:UmKFds0CV9lYDo/WGrGUGTGL97yMWV8uMzk45ZpEt7FaAMyUSwFIGsuyN/s3mNxruMAQM90fGVl/Nmgv0s64Fg== Completed in 107ms
1599 timing metavuln:load:security-advisory:node-forge:1115612 Completed in 1ms
1600 timing metavuln:calculate:security-advisory:node-forge:1115612 Completed in 108ms
1601 timing metavuln:cache:get:security-advisory:tar:eeMx7uxRjV2T2ub1XcSZGVUMDQllh5SgBOjApRXoDwccZb2xPyoJEKCNDkl/ZQGHcurw9K/Nf+wQF6u7SWH6CQ== Completed in 108ms
1602 timing metavuln:load:security-advisory:tar:1114200 Completed in 1ms
1603 timing metavuln:calculate:security-advisory:tar:1114200 Completed in 109ms
1604 timing metavuln:cache:get:security-advisory:@xmldom/xmldom:ujwyQzDK6EQUy1W+Rp4rLTITiYslkrCHIcIyt+5UrGdLV8lUDNm1UUd9gUwwU4TRFNHLTZVjZNRfPMAo4kIgmw== Completed in 112ms
1605 timing metavuln:load:security-advisory:@xmldom/xmldom:1117897 Completed in 0ms
1606 timing metavuln:calculate:security-advisory:@xmldom/xmldom:1117897 Completed in 112ms
1607 timing metavuln:cache:get:security-advisory:yaml:3AQn1Aj8kwFHIquLochLADJtKOJ++bvPtGJHT6dWct73zyp4H3E792uuAF7M2BJRI4DEvXF3aOujF4vdnIDz2g== Completed in 109ms
1608 timing metavuln:load:security-advisory:yaml:1115556 Completed in 1ms
1609 timing metavuln:calculate:security-advisory:yaml:1115556 Completed in 110ms
1610 timing metavuln:cache:get:security-advisory:diff:zGuYmFKpmmsZx/VPwPiQZq/PeXFDma/HaFW3tW/FzA6ILd2C9pAaw33dKOqKE3XfwxVbEeP7NGuz9asQFXBaVA== Completed in 110ms
1611 timing metavuln:load:security-advisory:diff:1112706 Completed in 0ms
1612 timing metavuln:calculate:security-advisory:diff:1112706 Completed in 110ms
1613 timing metavuln:cache:get:security-advisory:tar:Bbf0Br7FJ1lJBIJDoLLFwjsDrbaYgLVqfrwr0ATzSQWEKW7Xp073S+5zxU9imRf4OqRJHo2MsCDeyKR0KRVsdA== Completed in 110ms
1614 timing metavuln:load:security-advisory:tar:1113375 Completed in 1ms
1615 timing metavuln:calculate:security-advisory:tar:1113375 Completed in 113ms
1616 timing metavuln:cache:get:security-advisory:ajv:URErmxoyazZWR5lFcXpgTkGsbkrUBDlzD8W6txjBw2wZoOC7oHjHFfCrRr/VnGeJvbyUY9E2jxrL8p2XbwfP8g== Completed in 113ms
1617 timing metavuln:load:security-advisory:ajv:1113715 Completed in 2ms
1618 timing metavuln:calculate:security-advisory:ajv:1113715 Completed in 115ms
1619 timing metavuln:cache:get:security-advisory:tar:UWW3Y4BpqE/fE3Qp2/QBaix5a7TZZoP7gM6asxPYL9ED9MweoK3ryao+Bp0Y6Y8Xds/rmjAafpG21YRYkP3N4g== Completed in 115ms
1620 timing metavuln:load:security-advisory:tar:1114302 Completed in 1ms
1621 timing metavuln:calculate:security-advisory:tar:1114302 Completed in 116ms
1622 timing reifyNode:node_modules/package-json-from-dist Completed in 1491ms
1623 timing reifyNode:node_modules/eas-cli/node_modules/@urql/exchange-retry Completed in 1484ms
1624 timing reifyNode:node_modules/@oclif/core/node_modules/balanced-match Completed in 1493ms
1625 warn deprecated @xmldom/xmldom@0.7.13: this version has critical issues, please update to the latest version
1626 timing reifyNode:node_modules/@expo/prebuild-config/node_modules/@xmldom/xmldom Completed in 1500ms
1627 warn deprecated @xmldom/xmldom@0.7.13: this version has critical issues, please update to the latest version
1628 timing reifyNode:node_modules/eas-cli/node_modules/@expo/plist/node_modules/@xmldom/xmldom Completed in 1498ms
1629 timing reifyNode:node_modules/fastq Completed in 1506ms
1630 timing metavuln:cache:put:security-advisory:brace-expansion:kIHgu1L8zIy7pY0wp6wYzUm7tst3xTM2tiSYrstcGK/XsO7o4p6zyuUSjq93oH1dvU2tbEvlSW+gaNbGIbeudw== Completed in 129ms
1631 timing metavuln:calculate:security-advisory:brace-expansion:1115540 Completed in 152ms
1632 timing metavuln:cache:put:security-advisory:brace-expansion:X+2z5DmMLLtwcvbDUIIjlBiuIe1FsJr11BHH+Ya9VXvIONFkKQYgmP974CbVQDuFz9UTSVTqC37pXxmuKfUHmw== Completed in 128ms
1633 timing metavuln:calculate:security-advisory:brace-expansion:1115543 Completed in 152ms
1634 timing metavuln:cache:put:security-advisory:brace-expansion:ZHzAtnciS42HIMtUGajCifTIrkCUkWb93u/V1lJEt9HzdJ+ypMofn/dKgSOaziPQj+WGAcGS7t7WdPUHJBz0LA== Completed in 130ms
1635 timing metavuln:calculate:security-advisory:brace-expansion:1115541 Completed in 153ms
1636 timing reifyNode:node_modules/@oclif/core/node_modules/brace-expansion Completed in 1510ms
1637 timing reifyNode:node_modules/eas-cli/node_modules/tar/node_modules/yallist Completed in 1517ms
1638 timing reifyNode:node_modules/dunder-proto Completed in 1525ms
1639 timing reifyNode:node_modules/reusify Completed in 1525ms
1640 timing reifyNode:node_modules/eas-cli/node_modules/tslib Completed in 1524ms
1641 timing reifyNode:node_modules/get-proto Completed in 1530ms
1642 timing reifyNode:node_modules/ajv-formats Completed in 1536ms
1643 timing reifyNode:node_modules/fetch-retry Completed in 1549ms
1644 timing reifyNode:node_modules/es-object-atoms Completed in 1556ms
1645 http fetch GET 200 https://registry.npmjs.org/picomatch 196ms (cache hit)
1646 timing metavuln:packument:picomatch Completed in 201ms
1647 timing metavuln:load:security-advisory:picomatch:1115549 Completed in 2ms
1648 timing metavuln:load:security-advisory:picomatch:1115551 Completed in 1ms
1649 timing metavuln:load:security-advisory:picomatch:1115552 Completed in 1ms
1650 timing metavuln:load:security-advisory:picomatch:1115554 Completed in 1ms
1651 timing reifyNode:node_modules/@isaacs/cliui/node_modules/emoji-regex Completed in 1588ms
1652 timing reifyNode:node_modules/eas-cli/node_modules/@expo/code-signing-certificates Completed in 1579ms
1653 timing reifyNode:node_modules/@nodelib/fs.stat Completed in 1599ms
1654 timing reifyNode:node_modules/has-tostringtag Completed in 1599ms
1655 timing reifyNode:node_modules/has-symbols Completed in 1604ms
1656 timing reifyNode:node_modules/@cspotcode/source-map-support/node_modules/@jridgewell/trace-mapping Completed in 1629ms
1657 timing reifyNode:node_modules/retry Completed in 1632ms
1658 timing reifyNode:node_modules/@pkgjs/parseargs Completed in 1641ms
1659 timing metavuln:cache:put:security-advisory:picomatch:GSQ5ghUF1JWDKMssoydWDVRebjlPePRwktLhrdWzXCq5xeBXdo4Cm9HGHnH2b6P1Nq93YjwPmimVjAx6kge32A== Completed in 109ms
1660 timing metavuln:calculate:security-advisory:picomatch:1115549 Completed in 313ms
1661 timing metavuln:cache:put:security-advisory:picomatch:2VXNT0aF/Oc+aljqzVZL+y7UYoRsun3f1sCqjauwt4R4X9DizyqvONZbNtH8U58EY1DnyPNR0Ul3cX6UkEWNqw== Completed in 109ms
1662 timing metavuln:calculate:security-advisory:picomatch:1115551 Completed in 313ms
1663 timing metavuln:cache:put:security-advisory:picomatch:H8EHkZXRRUdil3DyUl8tc8lCQUliQzjc5H5D4llqFojH152sBqO1suz3XiNiRQT++wJdWkgXe/zFc/Bbrrz6ng== Completed in 106ms
1664 timing metavuln:calculate:security-advisory:picomatch:1115552 Completed in 312ms
1665 timing metavuln:cache:put:security-advisory:picomatch:PpR3fLr2OHopA+LsAWF3etD15aOC+jSmDwUcp4VQCTrR40wKvI/IGhhNd2qAhozxRYiHGwb06lLJm+b8SMoG/w== Completed in 107ms
1666 timing metavuln:calculate:security-advisory:picomatch:1115554 Completed in 315ms
1667 timing reifyNode:node_modules/asynckit Completed in 1698ms
1668 timing reifyNode:node_modules/cli-progress Completed in 1718ms
1669 http fetch GET 200 https://registry.npmjs.org/minimatch/-/minimatch-5.1.9.tgz 1565ms (cache miss)
1670 timing reifyNode:node_modules/filelist/node_modules/minimatch Completed in 1723ms
1671 timing reifyNode:node_modules/golden-fleece Completed in 1732ms
1672 timing reifyNode:node_modules/call-bind-apply-helpers Completed in 1741ms
1673 timing reifyNode:node_modules/@expo/require-utils Completed in 1760ms
1674 timing reifyNode:node_modules/eas-cli/node_modules/path-scurry Completed in 1755ms
1675 timing reifyNode:node_modules/@expo/prebuild-config/node_modules/path-scurry Completed in 1758ms
1676 timing reifyNode:node_modules/es-errors Completed in 1772ms
1677 timing reifyNode:node_modules/jsep Completed in 1789ms
1678 timing reifyNode:node_modules/eas-cli/node_modules/qrcode-terminal Completed in 1795ms
1679 timing reifyNode:node_modules/eas-cli/node_modules/minizlib Completed in 1796ms
1680 timing reifyNode:node_modules/ncp Completed in 1807ms
1681 timing reifyNode:node_modules/eas-cli/node_modules/tar/node_modules/minizlib Completed in 1802ms
1682 timing reifyNode:node_modules/@nodelib/fs.scandir Completed in 1824ms
1683 timing reifyNode:node_modules/node-rsa Completed in 1826ms
1684 timing reifyNode:node_modules/graphql-tag Completed in 1824ms
1685 timing reifyNode:node_modules/@oclif/plugin-autocomplete Completed in 1849ms
1686 timing reifyNode:node_modules/set-interval-async Completed in 1857ms
1687 timing reifyNode:node_modules/jackspeak Completed in 1875ms
1688 timing reifyNode:node_modules/@nodelib/fs.walk Completed in 1879ms
1689 timing reifyNode:node_modules/eas-cli/node_modules/nanoid Completed in 1878ms
1690 timing reifyNode:node_modules/jks-js Completed in 1903ms
1691 timing reifyNode:node_modules/@hapi/hoek Completed in 1924ms
1692 timing reifyNode:node_modules/eas-cli/node_modules/path-scurry/node_modules/lru-cache Completed in 1931ms
1693 timing reifyNode:node_modules/@expo/prebuild-config/node_modules/lru-cache Completed in 1934ms
1694 timing reifyNode:node_modules/dtrace-provider Completed in 1937ms
1695 timing reifyNode:node_modules/@expo/eas-json Completed in 1936ms
1696 timing reifyNode:node_modules/@expo/eas-build-job Completed in 1948ms
1697 timing reifyNode:node_modules/foreground-child/node_modules/signal-exit Completed in 1963ms
1698 timing reifyNode:node_modules/redeyed Completed in 1976ms
1699 http fetch GET 200 https://registry.npmjs.org/postcss 611ms (cache miss)
1700 timing metavuln:packument:postcss Completed in 616ms
1701 timing metavuln:load:security-advisory:postcss:1117015 Completed in 6ms
1702 timing reifyNode:node_modules/@expo/apple-utils Completed in 1983ms
1703 timing reifyNode:node_modules/ts-node/node_modules/diff Completed in 2008ms
1704 timing reifyNode:node_modules/@expo/prebuild-config/node_modules/@expo/image-utils Completed in 2025ms
1705 timing metavuln:cache:put:security-advisory:postcss:685RVq5xScaqegAXk2BRJrsMaZmsz1d/volUoA67iVw3AvHhUlX03u+VPRrmo8iuObcSDvuZF+fuiOnLC9L1uA== Completed in 60ms
1706 timing metavuln:calculate:security-advisory:postcss:1117015 Completed in 683ms
1707 timing metavuln:cache:get:security-advisory:minimatch:/0Er43jAJYtedmFf28LczeYNpugHuL8c0lEtKZQ3iahaosdPvdPdhmr9lB0BwJr6iZu9ORb4I2CUoET1WHhyuA== Completed in 4ms
1708 timing metavuln:load:security-advisory:minimatch:kIHgu1L8zIy7pY0wp6wYzUm7tst3xTM2tiSYrstcGK/XsO7o4p6zyuUSjq93oH1dvU2tbEvlSW+gaNbGIbeudw== Completed in 7ms
1709 timing reifyNode:node_modules/fs-extra Completed in 2077ms
1710 timing reifyNode:node_modules/eas-cli/node_modules/pngjs Completed in 2078ms
1711 timing reifyNode:node_modules/@expo/plugin-warn-if-update-available/node_modules/fs-extra Completed in 2087ms
1712 timing reifyNode:node_modules/@expo/timeago.js Completed in 2102ms
1713 timing metavuln:cache:put:security-advisory:minimatch:/0Er43jAJYtedmFf28LczeYNpugHuL8c0lEtKZQ3iahaosdPvdPdhmr9lB0BwJr6iZu9ORb4I2CUoET1WHhyuA== Completed in 60ms
1714 timing metavuln:calculate:security-advisory:minimatch:kIHgu1L8zIy7pY0wp6wYzUm7tst3xTM2tiSYrstcGK/XsO7o4p6zyuUSjq93oH1dvU2tbEvlSW+gaNbGIbeudw== Completed in 71ms
1715 timing metavuln:cache:get:security-advisory:minimatch:G8h2793WCaVrMJUTXYF+s/K/iqdP0PDQt0yKUJtmg/XbDK6SQxL7agMLArisp38w7hSPG6F5ZmCtVLXcd2IZLA== Completed in 4ms
1716 timing metavuln:load:security-advisory:minimatch:ZHzAtnciS42HIMtUGajCifTIrkCUkWb93u/V1lJEt9HzdJ+ypMofn/dKgSOaziPQj+WGAcGS7t7WdPUHJBz0LA== Completed in 6ms
1717 timing reifyNode:node_modules/math-intrinsics Completed in 2130ms
1718 timing reifyNode:node_modules/foreground-child Completed in 2144ms
1719 timing reifyNode:node_modules/@expo/prebuild-config/node_modules/@expo/image-utils/node_modules/fs-extra Completed in 2164ms
1720 timing reifyNode:node_modules/@expo/prebuild-config/node_modules/fs-extra Completed in 2165ms
1721 timing reifyNode:node_modules/diff Completed in 2180ms
1722 timing metavuln:cache:put:security-advisory:minimatch:G8h2793WCaVrMJUTXYF+s/K/iqdP0PDQt0yKUJtmg/XbDK6SQxL7agMLArisp38w7hSPG6F5ZmCtVLXcd2IZLA== Completed in 56ms
1723 timing metavuln:calculate:security-advisory:minimatch:ZHzAtnciS42HIMtUGajCifTIrkCUkWb93u/V1lJEt9HzdJ+ypMofn/dKgSOaziPQj+WGAcGS7t7WdPUHJBz0LA== Completed in 66ms
1724 timing metavuln:cache:get:security-advisory:minimatch:EcD7s0gPHL/3R03vK1rWEd27tB8VR6akiW0SBpdtBNrh/xAvf6pL4mZ6MrFs6fEdYxnVAH+3+V0rH/lXc/NXKQ== Completed in 5ms
1725 timing metavuln:load:security-advisory:minimatch:X+2z5DmMLLtwcvbDUIIjlBiuIe1FsJr11BHH+Ya9VXvIONFkKQYgmP974CbVQDuFz9UTSVTqC37pXxmuKfUHmw== Completed in 9ms
1726 timing reifyNode:node_modules/eas-cli/node_modules/@expo/package-manager Completed in 2213ms
1727 timing reifyNode:node_modules/cardinal Completed in 2242ms
1728 timing metavuln:cache:put:security-advisory:minimatch:EcD7s0gPHL/3R03vK1rWEd27tB8VR6akiW0SBpdtBNrh/xAvf6pL4mZ6MrFs6fEdYxnVAH+3+V0rH/lXc/NXKQ== Completed in 49ms
1729 timing metavuln:calculate:security-advisory:minimatch:X+2z5DmMLLtwcvbDUIIjlBiuIe1FsJr11BHH+Ya9VXvIONFkKQYgmP974CbVQDuFz9UTSVTqC37pXxmuKfUHmw== Completed in 64ms
1730 timing metavuln:packument:eas-cli Completed in 0ms
1731 timing reifyNode:node_modules/eas-cli/node_modules/@urql/core Completed in 2246ms
1732 timing reifyNode:node_modules/@expo/steps/node_modules/joi Completed in 2250ms
1733 timing reifyNode:node_modules/@expo/eas-build-job/node_modules/joi Completed in 2249ms
1734 timing reifyNode:node_modules/joi Completed in 2253ms
1735 timing reifyNode:node_modules/natural-orderby Completed in 2278ms
1736 timing reifyNode:node_modules/@segment/ajv-human-errors Completed in 2280ms
1737 timing reifyNode:node_modules/jake Completed in 2284ms
1738 timing metavuln:cache:get:security-advisory:eas-cli:eKLzORGG0t4MmmxRc8CuJgBjNIJpVulnojKcus0k8yA8rbIYxU3PxuWE1lEK2nJkT2gcyZMzFde+NPw/X8YZOQ== Completed in 37ms
1739 timing metavuln:load:security-advisory:eas-cli:/utMkAt3a6jSPsaWIJ1J7tAb7G+ccGxNsymbhFTVWOMIyhRZOJ9QR0zn1SNtejrdUO5fsO4RDJKDMI6C5/bkuw== Completed in 2ms
1740 timing metavuln:calculate:security-advisory:eas-cli:/utMkAt3a6jSPsaWIJ1J7tAb7G+ccGxNsymbhFTVWOMIyhRZOJ9QR0zn1SNtejrdUO5fsO4RDJKDMI6C5/bkuw== Completed in 39ms
1741 timing metavuln:packument:@expo/plist Completed in 0ms
1742 timing metavuln:cache:get:security-advisory:plist:/6IavYqoDhRbj5zOUG7/gozqWI+3SWaz3H/sfIdyPGk/zbmeyNvZK/jmJkalEtaEAMgUcgwUcBnXFSwgyYv51A== Completed in 1ms
1743 timing metavuln:cache:get:security-advisory:@expo/plist:6v9N8xQt1ae8vTbnhOWI+3LIJHp2DpEz3kGoTSTmDhmFrVSiQS3dEU7eeN6mvNjtrVbkCvTYBZi0KXl//o7v9g== Completed in 33ms
1744 timing metavuln:load:security-advisory:@expo/plist:UO8o+HubJZljAOsONa0ikXwigA9QoFwy8LjEy2wTn0REZ0X/zPbXcsPuSwevaXPUPowpvs873fJ3lozFcKJRSg== Completed in 1ms
1745 timing metavuln:calculate:security-advisory:@expo/plist:UO8o+HubJZljAOsONa0ikXwigA9QoFwy8LjEy2wTn0REZ0X/zPbXcsPuSwevaXPUPowpvs873fJ3lozFcKJRSg== Completed in 35ms
1746 http fetch GET 200 https://registry.npmjs.org/plist 74ms (cache hit)
1747 timing metavuln:packument:plist Completed in 75ms
1748 timing metavuln:load:security-advisory:plist:UO8o+HubJZljAOsONa0ikXwigA9QoFwy8LjEy2wTn0REZ0X/zPbXcsPuSwevaXPUPowpvs873fJ3lozFcKJRSg== Completed in 1ms
1749 timing reifyNode:node_modules/eas-cli/node_modules/semver Completed in 2390ms
1750 timing reifyNode:node_modules/@expo/eas-json/node_modules/semver Completed in 2393ms
1751 timing metavuln:cache:put:security-advisory:plist:/6IavYqoDhRbj5zOUG7/gozqWI+3SWaz3H/sfIdyPGk/zbmeyNvZK/jmJkalEtaEAMgUcgwUcBnXFSwgyYv51A== Completed in 45ms
1752 timing metavuln:calculate:security-advisory:plist:UO8o+HubJZljAOsONa0ikXwigA9QoFwy8LjEy2wTn0REZ0X/zPbXcsPuSwevaXPUPowpvs873fJ3lozFcKJRSg== Completed in 122ms
1753 timing reifyNode:node_modules/@expo/prebuild-config/node_modules/xmlbuilder Completed in 2410ms
1754 timing reifyNode:node_modules/semver Completed in 2407ms
1755 timing metavuln:cache:get:security-advisory:anymatch:Nfla9E9Lgs+mqMt1dA/8UaXdCl7sXuZQsKzxwmqxeyDZbX+CRdcfKSFFgjhZ/F0BJR9geE1mRVv3h/ODZoo63g== Completed in 5ms
1756 timing metavuln:cache:get:security-advisory:jest-util:KGKm1hRPkMsSUasN2N6Z4GOHO8fGbGKIZEcikjWe+ZJ1RAIPIVxN9cUA65sJrFgXSWWgIhEnMkk8RB6TBUus9A== Completed in 4ms
1757 timing metavuln:cache:get:security-advisory:micromatch:Gfx2SOQRY3jP5uv6bFlh3nIPxMXsxdnbcyF/xURx+dAnDK2wtpAvWYKdTiFWGD3MlWR/x1stzjO6SjznwiVonw== Completed in 6ms
1758 timing reifyNode:node_modules/eas-cli/node_modules/@expo/plist/node_modules/xmlbuilder Completed in 2412ms
1759 timing reifyNode:node_modules/uri-js Completed in 2417ms
1760 timing reifyNode:node_modules/eas-cli/node_modules/@expo/config/node_modules/semver Completed in 2414ms
1761 timing reifyNode:node_modules/nan Completed in 2446ms
1762 http fetch GET 200 https://registry.npmjs.org/micromatch 59ms (cache hit)
1763 timing metavuln:packument:micromatch Completed in 60ms
1764 timing metavuln:load:security-advisory:micromatch:GSQ5ghUF1JWDKMssoydWDVRebjlPePRwktLhrdWzXCq5xeBXdo4Cm9HGHnH2b6P1Nq93YjwPmimVjAx6kge32A== Completed in 1ms
1765 timing reifyNode:node_modules/eas-cli/node_modules/@expo/config Completed in 2468ms
1766 timing reifyNode:node_modules/eas-cli/node_modules/rimraf/node_modules/minimatch Completed in 2488ms
1767 timing reifyNode:node_modules/fast-glob Completed in 2492ms
1768 timing reifyNode:node_modules/@oclif/core/node_modules/minimatch Completed in 2493ms
1769 timing reifyNode:node_modules/@expo/prebuild-config/node_modules/@expo/config Completed in 2506ms
1770 timing metavuln:cache:put:security-advisory:micromatch:Gfx2SOQRY3jP5uv6bFlh3nIPxMXsxdnbcyF/xURx+dAnDK2wtpAvWYKdTiFWGD3MlWR/x1stzjO6SjznwiVonw== Completed in 39ms
1771 timing metavuln:calculate:security-advisory:micromatch:GSQ5ghUF1JWDKMssoydWDVRebjlPePRwktLhrdWzXCq5xeBXdo4Cm9HGHnH2b6P1Nq93YjwPmimVjAx6kge32A== Completed in 100ms
1772 warn deprecated uuid@8.3.2: uuid@10 and below is no longer supported.  For ESM codebases, update to uuid@latest.  For CommonJS codebases, use uuid@11 (but be aware this version will likely be deprecated in 2028).
1773 timing reifyNode:node_modules/@expo/bunyan/node_modules/uuid Completed in 2588ms
1774 warn deprecated uuid@8.3.2: uuid@10 and below is no longer supported.  For ESM codebases, update to uuid@latest.  For CommonJS codebases, use uuid@11 (but be aware this version will likely be deprecated in 2028).
1775 timing reifyNode:node_modules/@expo/rudder-sdk-node/node_modules/uuid Completed in 2588ms
1776 timing reifyNode:node_modules/@expo/steps Completed in 2599ms
1777 warn deprecated glob@10.5.0: Old versions of glob are not supported, and contain widely publicized security vulnerabilities, which have been fixed in the current version. Please update. Support for old versions may be purchased (at exorbitant rates) by contacting i@izs.me
1778 timing reifyNode:node_modules/@expo/prebuild-config/node_modules/glob Completed in 2631ms
1779 warn deprecated glob@10.5.0: Old versions of glob are not supported, and contain widely publicized security vulnerabilities, which have been fixed in the current version. Please update. Support for old versions may be purchased (at exorbitant rates) by contacting i@izs.me
1780 timing reifyNode:node_modules/eas-cli/node_modules/rimraf/node_modules/glob Completed in 2630ms
1781 timing reifyNode:node_modules/multipasta Completed in 2651ms
1782 http fetch GET 200 https://registry.npmjs.org/anymatch 267ms (cache miss)
1783 timing metavuln:packument:anymatch Completed in 269ms
1784 timing metavuln:load:security-advisory:anymatch:GSQ5ghUF1JWDKMssoydWDVRebjlPePRwktLhrdWzXCq5xeBXdo4Cm9HGHnH2b6P1Nq93YjwPmimVjAx6kge32A== Completed in 0ms
1785 warn deprecated uuid@9.0.1: uuid@10 and below is no longer supported.  For ESM codebases, update to uuid@latest.  For CommonJS codebases, use uuid@11 (but be aware this version will likely be deprecated in 2028).
1786 timing reifyNode:node_modules/eas-cli/node_modules/uuid Completed in 2685ms
1787 warn deprecated uuid@9.0.1: uuid@10 and below is no longer supported.  For ESM codebases, update to uuid@latest.  For CommonJS codebases, use uuid@11 (but be aware this version will likely be deprecated in 2028).
1788 timing reifyNode:node_modules/@expo/steps/node_modules/uuid Completed in 2694ms
1789 timing metavuln:cache:put:security-advisory:anymatch:Nfla9E9Lgs+mqMt1dA/8UaXdCl7sXuZQsKzxwmqxeyDZbX+CRdcfKSFFgjhZ/F0BJR9geE1mRVv3h/ODZoo63g== Completed in 26ms
1790 timing metavuln:calculate:security-advisory:anymatch:GSQ5ghUF1JWDKMssoydWDVRebjlPePRwktLhrdWzXCq5xeBXdo4Cm9HGHnH2b6P1Nq93YjwPmimVjAx6kge32A== Completed in 296ms
1791 timing reifyNode:node_modules/domino Completed in 2742ms
1792 http fetch GET 200 https://registry.npmjs.org/jest-util 336ms (cache miss)
1793 timing metavuln:packument:jest-util Completed in 339ms
1794 timing metavuln:load:security-advisory:jest-util:GSQ5ghUF1JWDKMssoydWDVRebjlPePRwktLhrdWzXCq5xeBXdo4Cm9HGHnH2b6P1Nq93YjwPmimVjAx6kge32A== Completed in 3ms
1795 timing metavuln:cache:put:security-advisory:jest-util:KGKm1hRPkMsSUasN2N6Z4GOHO8fGbGKIZEcikjWe+ZJ1RAIPIVxN9cUA65sJrFgXSWWgIhEnMkk8RB6TBUus9A== Completed in 20ms
1796 timing metavuln:calculate:security-advisory:jest-util:GSQ5ghUF1JWDKMssoydWDVRebjlPePRwktLhrdWzXCq5xeBXdo4Cm9HGHnH2b6P1Nq93YjwPmimVjAx6kge32A== Completed in 363ms
1797 timing reifyNode:node_modules/eas-cli/node_modules/node-forge Completed in 2772ms
1798 timing metavuln:cache:get:security-advisory:tinyglobby:JbTUSH3GuHgnWPTwynmNc2XBjGvJ1kBIVuOXAIcVt2zAN9JAmGoGXkmSGRzahtsyELbqgzBAd3ywFXmJPwH9Ww== Completed in 4ms
1799 timing metavuln:cache:get:security-advisory:fdir:I7IZptQLXjhZ5TVjlLB1vJ5JfgkV8HlzAFySNm0W8XK7Klvz8UNk59CjMAZ1uqS4G0ttvhpXbZB8RE9vuO4PCA== Completed in 4ms
1800 http fetch GET 200 https://registry.npmjs.org/fdir 33ms (cache hit)
1801 timing metavuln:packument:fdir Completed in 36ms
1802 timing metavuln:load:security-advisory:fdir:2VXNT0aF/Oc+aljqzVZL+y7UYoRsun3f1sCqjauwt4R4X9DizyqvONZbNtH8U58EY1DnyPNR0Ul3cX6UkEWNqw== Completed in 1ms
1803 http fetch GET 200 https://registry.npmjs.org/tinyglobby 39ms (cache hit)
1804 timing metavuln:packument:tinyglobby Completed in 39ms
1805 timing metavuln:load:security-advisory:tinyglobby:2VXNT0aF/Oc+aljqzVZL+y7UYoRsun3f1sCqjauwt4R4X9DizyqvONZbNtH8U58EY1DnyPNR0Ul3cX6UkEWNqw== Completed in 1ms
1806 timing metavuln:cache:put:security-advisory:fdir:I7IZptQLXjhZ5TVjlLB1vJ5JfgkV8HlzAFySNm0W8XK7Klvz8UNk59CjMAZ1uqS4G0ttvhpXbZB8RE9vuO4PCA== Completed in 20ms
1807 timing metavuln:calculate:security-advisory:fdir:2VXNT0aF/Oc+aljqzVZL+y7UYoRsun3f1sCqjauwt4R4X9DizyqvONZbNtH8U58EY1DnyPNR0Ul3cX6UkEWNqw== Completed in 58ms
1808 timing metavuln:cache:put:security-advisory:tinyglobby:JbTUSH3GuHgnWPTwynmNc2XBjGvJ1kBIVuOXAIcVt2zAN9JAmGoGXkmSGRzahtsyELbqgzBAd3ywFXmJPwH9Ww== Completed in 18ms
1809 timing metavuln:calculate:security-advisory:tinyglobby:2VXNT0aF/Oc+aljqzVZL+y7UYoRsun3f1sCqjauwt4R4X9DizyqvONZbNtH8U58EY1DnyPNR0Ul3cX6UkEWNqw== Completed in 58ms
1810 timing metavuln:packument:@expo/code-signing-certificates Completed in 1ms
1811 timing metavuln:cache:get:security-advisory:eas-cli:ss33dmJhgezfGnlltTEyIL87PC/7Dtranwg9yP9UtxlsTxFE7HJbIrOgC1hYbO85CcSYRD4VxGb1uGqXH5tpNg== Completed in 14ms
1812 timing metavuln:load:security-advisory:eas-cli:h2Y2QOvu7PmQIHUVvHow3nG5n5h8bB9ZcjcQZptxDXAV3qwUST237segpfeOslJxLYLLiVSCGAdsyjUnCx0Eng== Completed in 2ms
1813 timing metavuln:calculate:security-advisory:eas-cli:h2Y2QOvu7PmQIHUVvHow3nG5n5h8bB9ZcjcQZptxDXAV3qwUST237segpfeOslJxLYLLiVSCGAdsyjUnCx0Eng== Completed in 16ms
1814 timing metavuln:cache:get:security-advisory:@expo/code-signing-certificates:9H6ttXyun25AVMCbnuxk7qY78LvD0QqDtOkPHB2GDPfq9vE4L7o0q++crLv3O7kx0xKJY9TRHALC4RN4EKw2bg== Completed in 17ms
1815 timing metavuln:load:security-advisory:@expo/code-signing-certificates:h2Y2QOvu7PmQIHUVvHow3nG5n5h8bB9ZcjcQZptxDXAV3qwUST237segpfeOslJxLYLLiVSCGAdsyjUnCx0Eng== Completed in 0ms
1816 timing metavuln:calculate:security-advisory:@expo/code-signing-certificates:h2Y2QOvu7PmQIHUVvHow3nG5n5h8bB9ZcjcQZptxDXAV3qwUST237segpfeOslJxLYLLiVSCGAdsyjUnCx0Eng== Completed in 17ms
1817 timing metavuln:packument:@expo/pkcs12 Completed in 0ms
1818 timing metavuln:packument:jks-js Completed in 1ms
1819 timing metavuln:cache:get:security-advisory:@expo/code-signing-certificates:T/pXa3IOjRfUun6F+r7sGVL/JmepCpvMRgCEyQnDbTwS0tGhlFwV2GCAmZN7m5cuBJVhKtFik4DfYJ4Y/KiE9g== Completed in 2ms
1820 timing metavuln:load:security-advisory:@expo/code-signing-certificates:RZMn4WSE8DkDTpH3Ooewnjaecy8LY0uszHTLK5je5KOXtHYUuD92dg4UgcwB1jh1BWI0j0asRwqbOenVyby/ZA== Completed in 2ms
1821 timing metavuln:cache:get:security-advisory:@expo/cli:iu+9Ui1mhsP+iaBh7UlGpZRyukGRjqDqQAjVJYRWuiwr77VRRsiY/RbplGYSnd+UWDmoyyDNEXpZ2dbisF5brA== Completed in 4ms
1822 timing metavuln:cache:get:security-advisory:@expo/pkcs12:6S/RLzF1itZx6b5M1FMbCMY+bb8aLkkEc9ZbTjlbVOXsEeODYOZTIj0VEr05cz5nKTnmWTUOwTdYCSOFOfk8hw== Completed in 4ms
1823 timing metavuln:load:security-advisory:@expo/pkcs12:RZMn4WSE8DkDTpH3Ooewnjaecy8LY0uszHTLK5je5KOXtHYUuD92dg4UgcwB1jh1BWI0j0asRwqbOenVyby/ZA== Completed in 12ms
1824 timing metavuln:cache:get:security-advisory:jks-js:FQuyTjiv3CvEAzg33h0t3OA8msHAJVaocL5m9FmQGLqXHUpyejmHxsV1zcpxyz9PT6mU/yWyChI1rIggItIOqw== Completed in 17ms
1825 timing metavuln:load:security-advisory:jks-js:RZMn4WSE8DkDTpH3Ooewnjaecy8LY0uszHTLK5je5KOXtHYUuD92dg4UgcwB1jh1BWI0j0asRwqbOenVyby/ZA== Completed in 3ms
1826 timing metavuln:cache:put:security-advisory:@expo/code-signing-certificates:T/pXa3IOjRfUun6F+r7sGVL/JmepCpvMRgCEyQnDbTwS0tGhlFwV2GCAmZN7m5cuBJVhKtFik4DfYJ4Y/KiE9g== Completed in 39ms
1827 timing metavuln:calculate:security-advisory:@expo/code-signing-certificates:RZMn4WSE8DkDTpH3Ooewnjaecy8LY0uszHTLK5je5KOXtHYUuD92dg4UgcwB1jh1BWI0j0asRwqbOenVyby/ZA== Completed in 43ms
1828 timing metavuln:cache:put:security-advisory:@expo/pkcs12:6S/RLzF1itZx6b5M1FMbCMY+bb8aLkkEc9ZbTjlbVOXsEeODYOZTIj0VEr05cz5nKTnmWTUOwTdYCSOFOfk8hw== Completed in 26ms
1829 timing metavuln:calculate:security-advisory:@expo/pkcs12:RZMn4WSE8DkDTpH3Ooewnjaecy8LY0uszHTLK5je5KOXtHYUuD92dg4UgcwB1jh1BWI0j0asRwqbOenVyby/ZA== Completed in 43ms
1830 timing metavuln:cache:put:security-advisory:jks-js:FQuyTjiv3CvEAzg33h0t3OA8msHAJVaocL5m9FmQGLqXHUpyejmHxsV1zcpxyz9PT6mU/yWyChI1rIggItIOqw== Completed in 23ms
1831 timing metavuln:calculate:security-advisory:jks-js:RZMn4WSE8DkDTpH3Ooewnjaecy8LY0uszHTLK5je5KOXtHYUuD92dg4UgcwB1jh1BWI0j0asRwqbOenVyby/ZA== Completed in 44ms
1832 timing reifyNode:node_modules/ts-node Completed in 3131ms
1833 timing reifyNode:node_modules/eas-cli/node_modules/rimraf Completed in 3208ms
1834 timing reifyNode:node_modules/async Completed in 3258ms
1835 timing reifyNode:node_modules/@expo/plugin-warn-if-update-available/node_modules/@oclif/core Completed in 3261ms
1836 timing reifyNode:node_modules/@expo/plugin-help/node_modules/@oclif/core Completed in 3265ms
1837 timing reifyNode:node_modules/@sentry/node/node_modules/@sentry/types Completed in 3271ms
1838 timing reifyNode:node_modules/@sentry/utils/node_modules/@sentry/types Completed in 3273ms
1839 timing reifyNode:node_modules/@sentry-internal/tracing/node_modules/@sentry/types Completed in 3279ms
1840 timing reifyNode:node_modules/@expo/prebuild-config Completed in 3285ms
1841 http fetch GET 200 https://registry.npmjs.org/@expo%2fcli 449ms (cache miss)
1842 timing metavuln:packument:@expo/cli Completed in 469ms
1843 timing metavuln:load:security-advisory:@expo/cli:RZMn4WSE8DkDTpH3Ooewnjaecy8LY0uszHTLK5je5KOXtHYUuD92dg4UgcwB1jh1BWI0j0asRwqbOenVyby/ZA== Completed in 14ms
1844 timing metavuln:cache:put:security-advisory:@expo/cli:iu+9Ui1mhsP+iaBh7UlGpZRyukGRjqDqQAjVJYRWuiwr77VRRsiY/RbplGYSnd+UWDmoyyDNEXpZ2dbisF5brA== Completed in 16ms
1845 timing metavuln:calculate:security-advisory:@expo/cli:RZMn4WSE8DkDTpH3Ooewnjaecy8LY0uszHTLK5je5KOXtHYUuD92dg4UgcwB1jh1BWI0j0asRwqbOenVyby/ZA== Completed in 499ms
1846 timing metavuln:cache:get:security-advisory:@expo/metro-config:A3Isi8rZdQQPcGJQ6XmGIDG467thwzu4HqC65fHdhuizBiZHWMpdtJtUMoOaX8bYZskRPmS7SwXw3jEeT6wOzA== Completed in 1ms
1847 timing reifyNode:node_modules/@oclif/core Completed in 3421ms
1848 timing reifyNode:node_modules/@expo/prebuild-config/node_modules/sucrase Completed in 3664ms
1849 http fetch GET 200 https://registry.npmjs.org/@expo%2fmetro-config 342ms (cache miss)
1850 timing metavuln:packument:@expo/metro-config Completed in 349ms
1851 timing metavuln:load:security-advisory:@expo/metro-config:685RVq5xScaqegAXk2BRJrsMaZmsz1d/volUoA67iVw3AvHhUlX03u+VPRrmo8iuObcSDvuZF+fuiOnLC9L1uA== Completed in 16ms
1852 timing metavuln:cache:put:security-advisory:@expo/metro-config:A3Isi8rZdQQPcGJQ6XmGIDG467thwzu4HqC65fHdhuizBiZHWMpdtJtUMoOaX8bYZskRPmS7SwXw3jEeT6wOzA== Completed in 12ms
1853 timing metavuln:calculate:security-advisory:@expo/metro-config:685RVq5xScaqegAXk2BRJrsMaZmsz1d/volUoA67iVw3AvHhUlX03u+VPRrmo8iuObcSDvuZF+fuiOnLC9L1uA== Completed in 378ms
1854 timing metavuln:cache:get:security-advisory:eas-cli:SslP1cU8kkdBKLhXUuS3MSr2MyvDj3QlsA3KYWn0OawZO+l3Kr0KK2M73Ii2vkZ9T06sPT2vmmFqSMdjgqAIoQ== Completed in 7ms
1855 timing metavuln:load:security-advisory:eas-cli:Bbf0Br7FJ1lJBIJDoLLFwjsDrbaYgLVqfrwr0ATzSQWEKW7Xp073S+5zxU9imRf4OqRJHo2MsCDeyKR0KRVsdA== Completed in 2ms
1856 timing metavuln:calculate:security-advisory:eas-cli:Bbf0Br7FJ1lJBIJDoLLFwjsDrbaYgLVqfrwr0ATzSQWEKW7Xp073S+5zxU9imRf4OqRJHo2MsCDeyKR0KRVsdA== Completed in 9ms
1857 timing metavuln:cache:get:security-advisory:eas-cli:yB9r+54yhkUCRJ70uRunCuBeOCDI3cfeRYOj3uoOTQHXZsgXCH2vqFU7WotaG74ZrNLLeLhO4Ycp2Hw4zd1h4A== Completed in 9ms
1858 timing metavuln:load:security-advisory:eas-cli:3AQn1Aj8kwFHIquLochLADJtKOJ++bvPtGJHT6dWct73zyp4H3E792uuAF7M2BJRI4DEvXF3aOujF4vdnIDz2g== Completed in 2ms
1859 timing metavuln:calculate:security-advisory:eas-cli:3AQn1Aj8kwFHIquLochLADJtKOJ++bvPtGJHT6dWct73zyp4H3E792uuAF7M2BJRI4DEvXF3aOujF4vdnIDz2g== Completed in 11ms
1860 timing metavuln:packument:@segment/ajv-human-errors Completed in 0ms
1861 timing metavuln:packument:ajv-formats Completed in 0ms
1862 timing metavuln:cache:get:security-advisory:eas-cli:DTXMISxBzbVOBQRwFuUpjtWPVQeiiJpnfkyTJXDdp7LJ+B2s6RyxlVz+aaISvtmVc6Z3zZITEGqITSHiO4i4Iw== Completed in 6ms
1863 timing metavuln:load:security-advisory:eas-cli:URErmxoyazZWR5lFcXpgTkGsbkrUBDlzD8W6txjBw2wZoOC7oHjHFfCrRr/VnGeJvbyUY9E2jxrL8p2XbwfP8g== Completed in 2ms
1864 timing metavuln:calculate:security-advisory:eas-cli:URErmxoyazZWR5lFcXpgTkGsbkrUBDlzD8W6txjBw2wZoOC7oHjHFfCrRr/VnGeJvbyUY9E2jxrL8p2XbwfP8g== Completed in 9ms
1865 timing metavuln:cache:get:security-advisory:ajv-formats:FvZpb7jSNyyWiQIVPGitnU868Mo9VzJTfWeYAHvgwc94UdQjyn/4YC1QV41UK3biKRAfI35CyKmFL3IDemDaKQ== Completed in 9ms
1866 timing metavuln:load:security-advisory:ajv-formats:URErmxoyazZWR5lFcXpgTkGsbkrUBDlzD8W6txjBw2wZoOC7oHjHFfCrRr/VnGeJvbyUY9E2jxrL8p2XbwfP8g== Completed in 0ms
1867 timing metavuln:calculate:security-advisory:ajv-formats:URErmxoyazZWR5lFcXpgTkGsbkrUBDlzD8W6txjBw2wZoOC7oHjHFfCrRr/VnGeJvbyUY9E2jxrL8p2XbwfP8g== Completed in 9ms
1868 timing metavuln:cache:get:security-advisory:@segment/ajv-human-errors:jLBDWFerPUeoLzxvJAcORQ2gkYZQwWohIG/tkXAGy2XPnvr4KDOLLZtaZ3ddy9tVqP1E/H/MmTYf0liP1hcZ7Q== Completed in 11ms
1869 timing metavuln:load:security-advisory:@segment/ajv-human-errors:URErmxoyazZWR5lFcXpgTkGsbkrUBDlzD8W6txjBw2wZoOC7oHjHFfCrRr/VnGeJvbyUY9E2jxrL8p2XbwfP8g== Completed in 2ms
1870 timing metavuln:calculate:security-advisory:@segment/ajv-human-errors:URErmxoyazZWR5lFcXpgTkGsbkrUBDlzD8W6txjBw2wZoOC7oHjHFfCrRr/VnGeJvbyUY9E2jxrL8p2XbwfP8g== Completed in 13ms
1871 timing metavuln:cache:get:security-advisory:eas-cli:eYaqchJYB0RT7BMdnZakwFgjscTgF3/+1CVKj459Xujm4Yg2L6T3wnaS8T5tL2j4tRBf3vnTukzHf9m3qcyhJQ== Completed in 7ms
1872 timing metavuln:load:security-advisory:eas-cli:zGuYmFKpmmsZx/VPwPiQZq/PeXFDma/HaFW3tW/FzA6ILd2C9pAaw33dKOqKE3XfwxVbEeP7NGuz9asQFXBaVA== Completed in 1ms
1873 timing metavuln:calculate:security-advisory:eas-cli:zGuYmFKpmmsZx/VPwPiQZq/PeXFDma/HaFW3tW/FzA6ILd2C9pAaw33dKOqKE3XfwxVbEeP7NGuz9asQFXBaVA== Completed in 8ms
1874 timing metavuln:packument:@expo/config-plugins Completed in 0ms
1875 timing metavuln:cache:get:security-advisory:eas-cli:56R4J67aWn01QgMPx0GLQqItQl7rtdoYxELCmNUAZuEPm8A7s/tS/r0Jf+Lfkkb9VsjVn5aGjXd71zKQg2HdpQ== Completed in 11ms
1876 timing metavuln:load:security-advisory:eas-cli:6v9N8xQt1ae8vTbnhOWI+3LIJHp2DpEz3kGoTSTmDhmFrVSiQS3dEU7eeN6mvNjtrVbkCvTYBZi0KXl//o7v9g== Completed in 1ms
1877 timing metavuln:calculate:security-advisory:eas-cli:6v9N8xQt1ae8vTbnhOWI+3LIJHp2DpEz3kGoTSTmDhmFrVSiQS3dEU7eeN6mvNjtrVbkCvTYBZi0KXl//o7v9g== Completed in 12ms
1878 timing metavuln:cache:get:security-advisory:@expo/config-plugins:hSMbefAPDTVNbVZaH9oDwBQa7/ROvYN9PX8Pn2xNDuFOcfus/C7cRJxLW/w8ds/Qlb5RfFWIQPbskkwAmd5xfA== Completed in 12ms
1879 timing metavuln:load:security-advisory:@expo/config-plugins:6v9N8xQt1ae8vTbnhOWI+3LIJHp2DpEz3kGoTSTmDhmFrVSiQS3dEU7eeN6mvNjtrVbkCvTYBZi0KXl//o7v9g== Completed in 1ms
1880 timing metavuln:calculate:security-advisory:@expo/config-plugins:6v9N8xQt1ae8vTbnhOWI+3LIJHp2DpEz3kGoTSTmDhmFrVSiQS3dEU7eeN6mvNjtrVbkCvTYBZi0KXl//o7v9g== Completed in 13ms
1881 timing metavuln:cache:get:security-advisory:expo:l554LBFSxiJlgTpxmLl3Vfi36MkphiVB/p56Mc8okWTPBmIRgQhmXUhfBndO+0HL//8cJ3YX5KTtKMotDQygRw== Completed in 0ms
1882 timing metavuln:cache:get:security-advisory:@expo/cli:PiDeFffgJAeDgfxBT9djVtm7Kh7jkDAoqlYWjsWhPgKnacj9oTGVC1ypeTLnIzwZqAB5cdgrHFjuho82CVDtbw== Completed in 0ms
1883 timing metavuln:load:security-advisory:@expo/cli:A3Isi8rZdQQPcGJQ6XmGIDG467thwzu4HqC65fHdhuizBiZHWMpdtJtUMoOaX8bYZskRPmS7SwXw3jEeT6wOzA== Completed in 79ms
1884 timing metavuln:cache:put:security-advisory:@expo/cli:PiDeFffgJAeDgfxBT9djVtm7Kh7jkDAoqlYWjsWhPgKnacj9oTGVC1ypeTLnIzwZqAB5cdgrHFjuho82CVDtbw== Completed in 22ms
1885 timing metavuln:calculate:security-advisory:@expo/cli:A3Isi8rZdQQPcGJQ6XmGIDG467thwzu4HqC65fHdhuizBiZHWMpdtJtUMoOaX8bYZskRPmS7SwXw3jEeT6wOzA== Completed in 102ms
1886 warn deprecated tar@7.5.7: Old versions of tar are not supported, and contain widely publicized security vulnerabilities, which have been fixed in the current version. Please update. Support for old versions may be purchased (at exorbitant rates) by contacting i@izs.me
1887 timing reifyNode:node_modules/eas-cli/node_modules/tar Completed in 3927ms
1888 timing reifyNode:node_modules/eas-cli/node_modules/yaml Completed in 3934ms
1889 timing reifyNode:node_modules/@sentry/node Completed in 3967ms
1890 timing reifyNode:node_modules/@sentry-internal/tracing Completed in 3991ms
1891 timing reifyNode:node_modules/@expo/prebuild-config/node_modules/@expo/config-plugins Completed in 4068ms
1892 timing reifyNode:node_modules/eas-cli/node_modules/@expo/config-plugins Completed in 4081ms
1893 timing reifyNode:node_modules/@sentry-internal/tracing/node_modules/@sentry/core Completed in 4117ms
1894 timing reifyNode:node_modules/@sentry/node/node_modules/@sentry/core Completed in 4119ms
1895 timing reifyNode:node_modules/@sentry/utils Completed in 4223ms
1896 timing reifyNode:node_modules/graphql Completed in 4338ms
1897 timing reifyNode:node_modules/ajv Completed in 4510ms
1898 http fetch GET 200 https://registry.npmjs.org/expo 757ms (cache miss)
1899 timing metavuln:packument:expo Completed in 775ms
1900 timing metavuln:load:security-advisory:expo:A3Isi8rZdQQPcGJQ6XmGIDG467thwzu4HqC65fHdhuizBiZHWMpdtJtUMoOaX8bYZskRPmS7SwXw3jEeT6wOzA== Completed in 55ms
1901 timing metavuln:cache:put:security-advisory:expo:l554LBFSxiJlgTpxmLl3Vfi36MkphiVB/p56Mc8okWTPBmIRgQhmXUhfBndO+0HL//8cJ3YX5KTtKMotDQygRw== Completed in 5ms
1902 timing metavuln:calculate:security-advisory:expo:A3Isi8rZdQQPcGJQ6XmGIDG467thwzu4HqC65fHdhuizBiZHWMpdtJtUMoOaX8bYZskRPmS7SwXw3jEeT6wOzA== Completed in 835ms
1903 timing metavuln:packument:@expo/prebuild-config Completed in 0ms
1904 timing metavuln:packument:@expo/config Completed in 0ms
1905 timing metavuln:cache:get:security-advisory:@expo/prebuild-config:65tUWMdLZ+I9TMBsFotOc0cQ3MIWdoCte5tHwZddWaCbdizIjMmJbbzvUnz9EOjs4NjoMRRqZMup6h0bFE4siw== Completed in 2ms
1906 timing metavuln:load:security-advisory:@expo/prebuild-config:hSMbefAPDTVNbVZaH9oDwBQa7/ROvYN9PX8Pn2xNDuFOcfus/C7cRJxLW/w8ds/Qlb5RfFWIQPbskkwAmd5xfA== Completed in 1ms
1907 timing metavuln:calculate:security-advisory:@expo/prebuild-config:hSMbefAPDTVNbVZaH9oDwBQa7/ROvYN9PX8Pn2xNDuFOcfus/C7cRJxLW/w8ds/Qlb5RfFWIQPbskkwAmd5xfA== Completed in 3ms
1908 timing metavuln:cache:get:security-advisory:@expo/config:2jYAIb35ghBswhUyllqVX0GbZUWGsoAO9uOncfCV6GAR21VTa7N/qjjvXpViDIJp88I1ExPTXucMGdqJ6/+z6A== Completed in 3ms
1909 timing metavuln:load:security-advisory:@expo/config:hSMbefAPDTVNbVZaH9oDwBQa7/ROvYN9PX8Pn2xNDuFOcfus/C7cRJxLW/w8ds/Qlb5RfFWIQPbskkwAmd5xfA== Completed in 1ms
1910 timing metavuln:calculate:security-advisory:@expo/config:hSMbefAPDTVNbVZaH9oDwBQa7/ROvYN9PX8Pn2xNDuFOcfus/C7cRJxLW/w8ds/Qlb5RfFWIQPbskkwAmd5xfA== Completed in 4ms
1911 timing metavuln:cache:get:security-advisory:expo:nbXzhzAB8eq3CtRRFaAiErv7Rd8aH+1RH82C+D8Es49M00+OcPEQm/sPwNShiOiF5VEkbQdaGWheIfH0kxpr5A== Completed in 0ms
1912 timing metavuln:load:security-advisory:expo:PiDeFffgJAeDgfxBT9djVtm7Kh7jkDAoqlYWjsWhPgKnacj9oTGVC1ypeTLnIzwZqAB5cdgrHFjuho82CVDtbw== Completed in 62ms
1913 timing metavuln:cache:put:security-advisory:expo:nbXzhzAB8eq3CtRRFaAiErv7Rd8aH+1RH82C+D8Es49M00+OcPEQm/sPwNShiOiF5VEkbQdaGWheIfH0kxpr5A== Completed in 4ms
1914 timing metavuln:calculate:security-advisory:expo:PiDeFffgJAeDgfxBT9djVtm7Kh7jkDAoqlYWjsWhPgKnacj9oTGVC1ypeTLnIzwZqAB5cdgrHFjuho82CVDtbw== Completed in 66ms
1915 timing metavuln:cache:get:security-advisory:@sentry/react-native:E5ozJQkLBNPylUAm0Ssexl7TPutm2ekVD87jOot4aDIMCJ7qlBbnBDMuWb16WZldq6TPAPnLZwQX1E/tjNHKPQ== Completed in 43ms
1916 timing metavuln:cache:get:security-advisory:@expo/cli:kT30CemiHQRnu6BRVXSNgCm4bO5H7tlGAKfTVpoEvKOrr+YzvtMRsmAUX3xmIXONGvZqn8NZlNoDfITizyLKhw== Completed in 43ms
1917 timing metavuln:load:security-advisory:@expo/cli:l554LBFSxiJlgTpxmLl3Vfi36MkphiVB/p56Mc8okWTPBmIRgQhmXUhfBndO+0HL//8cJ3YX5KTtKMotDQygRw== Completed in 41ms
1918 timing metavuln:cache:get:security-advisory:@expo/prebuild-config:lgl2D9kyNo0lTrDbjvDmphCseGk7mYyCvl4SVxmB7Wbl2mUPRFos80JQTwMlN9kkV+wNHd2SSQZ1mg+pphOvjg== Completed in 85ms
1919 timing metavuln:load:security-advisory:@expo/prebuild-config:l554LBFSxiJlgTpxmLl3Vfi36MkphiVB/p56Mc8okWTPBmIRgQhmXUhfBndO+0HL//8cJ3YX5KTtKMotDQygRw== Completed in 39ms
1920 timing metavuln:cache:get:security-advisory:@expo/metro-config:xL6Rw6ZNk0S1zjeEpqT5YFMoAXS1ksqqgDR92GsBcfWQw/7KB7Zu2PJPJdVgkDmhJ0Z3yzCAqxacTJFCfO7Fgw== Completed in 125ms
1921 timing metavuln:load:security-advisory:@expo/metro-config:l554LBFSxiJlgTpxmLl3Vfi36MkphiVB/p56Mc8okWTPBmIRgQhmXUhfBndO+0HL//8cJ3YX5KTtKMotDQygRw== Completed in 32ms
1922 timing metavuln:cache:get:security-advisory:babel-preset-expo:yOB1sv818a2DGlAbiOuJY2NCKupxOI0sKYXv5AwPU5P7dnoWw1eI+b+IsblTcKkFBSmTx9qn8IvJJhqTmwtXHA== Completed in 158ms
1923 timing metavuln:cache:get:security-advisory:expo-asset:A/jy5GbB0tDzfP3r00OLtvx20NLSUzxcfxatdl2BgIGcq9ewJqxfugN7BIObDd23D8RkopJm338cZ83f2Ksftg== Completed in 158ms
1924 timing metavuln:cache:get:security-advisory:expo-constants:rYQBVMtmFnRd5dIrP4w80MTt7DosAwlQ+Z1SLV65YuM5E/e0ySJVU8OWtZgBJMqIUvuPtx7C3B++wVnJhdN0kg== Completed in 158ms
1925 timing metavuln:cache:get:security-advisory:expo-file-system:100RTflkBksTa7oPNVtQBS0mSl7Sh/WjaouBr95QltWfWlox+ZDuLwqIoZdwulwXa89/VyP9dxi8i3nOERZ9BQ== Completed in 157ms
1926 timing metavuln:cache:get:security-advisory:expo-font:qAwO6XfbCBSij0VvoLJe1qkwPe3E5I04P/XCLgycf87ReygJaJNAkORjl0nPdtchI4plylWYxHbDPSTZSkeF8A== Completed in 157ms
1927 timing metavuln:cache:get:security-advisory:expo-keep-awake:qk+ASnvXq3P675v21Hs+Eucjgpcp5XGbZR6xEdby6C2EHTE5snIx0yFR0UZzSxJn5IRHLY6R0STtBGBdiVqECA== Completed in 157ms
1928 timing metavuln:cache:put:security-advisory:@expo/cli:kT30CemiHQRnu6BRVXSNgCm4bO5H7tlGAKfTVpoEvKOrr+YzvtMRsmAUX3xmIXONGvZqn8NZlNoDfITizyLKhw== Completed in 92ms
1929 timing metavuln:calculate:security-advisory:@expo/cli:l554LBFSxiJlgTpxmLl3Vfi36MkphiVB/p56Mc8okWTPBmIRgQhmXUhfBndO+0HL//8cJ3YX5KTtKMotDQygRw== Completed in 177ms
1930 timing metavuln:cache:put:security-advisory:@expo/prebuild-config:lgl2D9kyNo0lTrDbjvDmphCseGk7mYyCvl4SVxmB7Wbl2mUPRFos80JQTwMlN9kkV+wNHd2SSQZ1mg+pphOvjg== Completed in 53ms
1931 timing metavuln:calculate:security-advisory:@expo/prebuild-config:l554LBFSxiJlgTpxmLl3Vfi36MkphiVB/p56Mc8okWTPBmIRgQhmXUhfBndO+0HL//8cJ3YX5KTtKMotDQygRw== Completed in 177ms
1932 timing metavuln:cache:put:security-advisory:@expo/metro-config:xL6Rw6ZNk0S1zjeEpqT5YFMoAXS1ksqqgDR92GsBcfWQw/7KB7Zu2PJPJdVgkDmhJ0Z3yzCAqxacTJFCfO7Fgw== Completed in 20ms
1933 timing metavuln:calculate:security-advisory:@expo/metro-config:l554LBFSxiJlgTpxmLl3Vfi36MkphiVB/p56Mc8okWTPBmIRgQhmXUhfBndO+0HL//8cJ3YX5KTtKMotDQygRw== Completed in 177ms
1934 timing reifyNode:node_modules/moment Completed in 4960ms
1935 timing reifyNode:node_modules/zod Completed in 5244ms
1936 http fetch GET 200 https://registry.npmjs.org/babel-preset-expo 646ms (cache miss)
1937 timing metavuln:packument:babel-preset-expo Completed in 650ms
1938 timing metavuln:load:security-advisory:babel-preset-expo:l554LBFSxiJlgTpxmLl3Vfi36MkphiVB/p56Mc8okWTPBmIRgQhmXUhfBndO+0HL//8cJ3YX5KTtKMotDQygRw== Completed in 29ms
1939 timing metavuln:cache:put:security-advisory:babel-preset-expo:yOB1sv818a2DGlAbiOuJY2NCKupxOI0sKYXv5AwPU5P7dnoWw1eI+b+IsblTcKkFBSmTx9qn8IvJJhqTmwtXHA== Completed in 26ms
1940 timing metavuln:calculate:security-advisory:babel-preset-expo:l554LBFSxiJlgTpxmLl3Vfi36MkphiVB/p56Mc8okWTPBmIRgQhmXUhfBndO+0HL//8cJ3YX5KTtKMotDQygRw== Completed in 705ms
1941 http fetch GET 200 https://registry.npmjs.org/@sentry%2freact-native 809ms (cache miss)
1942 timing metavuln:packument:@sentry/react-native Completed in 813ms
1943 timing metavuln:load:security-advisory:@sentry/react-native:l554LBFSxiJlgTpxmLl3Vfi36MkphiVB/p56Mc8okWTPBmIRgQhmXUhfBndO+0HL//8cJ3YX5KTtKMotDQygRw== Completed in 7ms
1944 timing metavuln:cache:put:security-advisory:@sentry/react-native:E5ozJQkLBNPylUAm0Ssexl7TPutm2ekVD87jOot4aDIMCJ7qlBbnBDMuWb16WZldq6TPAPnLZwQX1E/tjNHKPQ== Completed in 4ms
1945 timing metavuln:calculate:security-advisory:@sentry/react-native:l554LBFSxiJlgTpxmLl3Vfi36MkphiVB/p56Mc8okWTPBmIRgQhmXUhfBndO+0HL//8cJ3YX5KTtKMotDQygRw== Completed in 825ms
1946 http fetch GET 200 https://registry.npmjs.org/expo-keep-awake 957ms (cache miss)
1947 timing metavuln:packument:expo-keep-awake Completed in 959ms
1948 timing metavuln:load:security-advisory:expo-keep-awake:l554LBFSxiJlgTpxmLl3Vfi36MkphiVB/p56Mc8okWTPBmIRgQhmXUhfBndO+0HL//8cJ3YX5KTtKMotDQygRw== Completed in 40ms
1949 timing metavuln:cache:put:security-advisory:expo-keep-awake:qk+ASnvXq3P675v21Hs+Eucjgpcp5XGbZR6xEdby6C2EHTE5snIx0yFR0UZzSxJn5IRHLY6R0STtBGBdiVqECA== Completed in 11ms
1950 timing metavuln:calculate:security-advisory:expo-keep-awake:l554LBFSxiJlgTpxmLl3Vfi36MkphiVB/p56Mc8okWTPBmIRgQhmXUhfBndO+0HL//8cJ3YX5KTtKMotDQygRw== Completed in 1010ms
1951 http fetch GET 200 https://registry.npmjs.org/expo-font 1359ms (cache miss)
1952 timing metavuln:packument:expo-font Completed in 1360ms
1953 timing metavuln:load:security-advisory:expo-font:l554LBFSxiJlgTpxmLl3Vfi36MkphiVB/p56Mc8okWTPBmIRgQhmXUhfBndO+0HL//8cJ3YX5KTtKMotDQygRw== Completed in 38ms
1954 timing metavuln:cache:put:security-advisory:expo-font:qAwO6XfbCBSij0VvoLJe1qkwPe3E5I04P/XCLgycf87ReygJaJNAkORjl0nPdtchI4plylWYxHbDPSTZSkeF8A== Completed in 8ms
1955 timing metavuln:calculate:security-advisory:expo-font:l554LBFSxiJlgTpxmLl3Vfi36MkphiVB/p56Mc8okWTPBmIRgQhmXUhfBndO+0HL//8cJ3YX5KTtKMotDQygRw== Completed in 1406ms
1956 http fetch GET 200 https://registry.npmjs.org/expo-file-system 1479ms (cache miss)
1957 timing metavuln:packument:expo-file-system Completed in 1481ms
1958 timing metavuln:load:security-advisory:expo-file-system:l554LBFSxiJlgTpxmLl3Vfi36MkphiVB/p56Mc8okWTPBmIRgQhmXUhfBndO+0HL//8cJ3YX5KTtKMotDQygRw== Completed in 32ms
1959 timing metavuln:cache:put:security-advisory:expo-file-system:100RTflkBksTa7oPNVtQBS0mSl7Sh/WjaouBr95QltWfWlox+ZDuLwqIoZdwulwXa89/VyP9dxi8i3nOERZ9BQ== Completed in 7ms
1960 timing metavuln:calculate:security-advisory:expo-file-system:l554LBFSxiJlgTpxmLl3Vfi36MkphiVB/p56Mc8okWTPBmIRgQhmXUhfBndO+0HL//8cJ3YX5KTtKMotDQygRw== Completed in 1521ms
1961 http fetch GET 200 https://registry.npmjs.org/expo-asset 1534ms (cache miss)
1962 timing metavuln:packument:expo-asset Completed in 1537ms
1963 timing metavuln:load:security-advisory:expo-asset:l554LBFSxiJlgTpxmLl3Vfi36MkphiVB/p56Mc8okWTPBmIRgQhmXUhfBndO+0HL//8cJ3YX5KTtKMotDQygRw== Completed in 24ms
1964 timing metavuln:cache:put:security-advisory:expo-asset:A/jy5GbB0tDzfP3r00OLtvx20NLSUzxcfxatdl2BgIGcq9ewJqxfugN7BIObDd23D8RkopJm338cZ83f2Ksftg== Completed in 7ms
1965 timing metavuln:calculate:security-advisory:expo-asset:l554LBFSxiJlgTpxmLl3Vfi36MkphiVB/p56Mc8okWTPBmIRgQhmXUhfBndO+0HL//8cJ3YX5KTtKMotDQygRw== Completed in 1568ms
1966 timing reifyNode:node_modules/eas-cli Completed in 6276ms
1967 timing reify:unpack Completed in 6286ms
1968 timing reify:unretire Completed in 0ms
1969 timing build:queue Completed in 16ms
1970 timing build:link:node_modules/@expo/eas-json/node_modules/semver Completed in 56ms
1971 timing build:link:node_modules/@expo/prebuild-config/node_modules/glob Completed in 56ms
1972 timing build:link:node_modules/@expo/steps/node_modules/uuid Completed in 56ms
1973 timing build:link:node_modules/@expo/bunyan/node_modules/uuid Completed in 56ms
1974 timing build:link:node_modules/@expo/rudder-sdk-node/node_modules/uuid Completed in 56ms
1975 timing build:link:node_modules/mv/node_modules/mkdirp Completed in 55ms
1976 timing build:link:node_modules/bunyan Completed in 58ms
1977 timing build:link:node_modules/eas-cli/node_modules/@expo/config/node_modules/semver Completed in 56ms
1978 timing build:link:node_modules/cardinal Completed in 59ms
1979 timing build:link:node_modules/eas-cli/node_modules/mime Completed in 57ms
1980 timing build:link:node_modules/@expo/apple-utils Completed in 60ms
1981 timing build:link:node_modules/ejs Completed in 59ms
1982 timing build:link:node_modules/eas-cli Completed in 59ms
1983 timing build:link:node_modules/ncp Completed in 58ms
1984 timing build:link:node_modules/semver Completed in 58ms
1985 timing build:link:node_modules/envinfo Completed in 58ms
1986 timing build:link:node_modules/jake Completed in 58ms
1987 timing build:link:node_modules/gradle-to-js Completed in 58ms
1988 timing build:link:node_modules/eas-cli/node_modules/rimraf/node_modules/glob Completed in 56ms
1989 timing build:link:node_modules/ts-node Completed in 58ms
1990 timing build:link:node_modules/@expo/prebuild-config/node_modules/sucrase Completed in 58ms
1991 timing build:link:node_modules/eas-cli/node_modules/rimraf Completed in 57ms
1992 timing build:link:node_modules/eas-cli/node_modules/nanoid Completed in 57ms
1993 timing build:link:node_modules/eas-cli/node_modules/qrcode-terminal Completed in 57ms
1994 timing build:link:node_modules/eas-cli/node_modules/semver Completed in 57ms
1995 timing build:link:node_modules/eas-cli/node_modules/uuid Completed in 57ms
1996 timing build:link:node_modules/mv/node_modules/rimraf Completed in 57ms
1997 timing build:link:node_modules/eas-cli/node_modules/yaml Completed in 57ms
1998 timing build:link Completed in 61ms
1999 info run dtrace-provider@0.8.8 install node_modules/dtrace-provider node-gyp rebuild || node suppress-error.js
2000 info run dtrace-provider@0.8.8 install { code: 0, signal: null }
2001 timing build:run:install:node_modules/dtrace-provider Completed in 474ms
2002 timing build:run:install Completed in 475ms
2003 timing build:deps Completed in 553ms
2004 timing build Completed in 553ms
2005 timing reify:build Completed in 554ms
2006 timing reify:trash Completed in 17ms
2007 timing reify:save Completed in 209ms
2008 http fetch GET 200 https://registry.npmjs.org/expo-constants 2634ms (cache miss)
2009 timing metavuln:packument:expo-constants Completed in 2637ms
2010 timing metavuln:load:security-advisory:expo-constants:l554LBFSxiJlgTpxmLl3Vfi36MkphiVB/p56Mc8okWTPBmIRgQhmXUhfBndO+0HL//8cJ3YX5KTtKMotDQygRw== Completed in 29ms
2011 timing metavuln:cache:put:security-advisory:expo-constants:rYQBVMtmFnRd5dIrP4w80MTt7DosAwlQ+Z1SLV65YuM5E/e0ySJVU8OWtZgBJMqIUvuPtx7C3B++wVnJhdN0kg== Completed in 7ms
2012 timing metavuln:calculate:security-advisory:expo-constants:l554LBFSxiJlgTpxmLl3Vfi36MkphiVB/p56Mc8okWTPBmIRgQhmXUhfBndO+0HL//8cJ3YX5KTtKMotDQygRw== Completed in 2673ms
2013 timing metavuln:cache:get:security-advisory:eas-cli:jX1a2gSo2BuSgJZPlujYH87E3VCZAeVlg4s4MvfuC+Gk0tn8k0a/d4oXiKvS6h0o+CZLUr9uASCwZFOC9uU9og== Completed in 2ms
2014 timing metavuln:load:security-advisory:eas-cli:65tUWMdLZ+I9TMBsFotOc0cQ3MIWdoCte5tHwZddWaCbdizIjMmJbbzvUnz9EOjs4NjoMRRqZMup6h0bFE4siw== Completed in 1ms
2015 timing metavuln:calculate:security-advisory:eas-cli:65tUWMdLZ+I9TMBsFotOc0cQ3MIWdoCte5tHwZddWaCbdizIjMmJbbzvUnz9EOjs4NjoMRRqZMup6h0bFE4siw== Completed in 3ms
2016 timing metavuln:cache:get:security-advisory:@expo/prebuild-config:lSYhWvJXiQVliYZpPWBCw5nswME1xRQrGiUPD9tQSlNFfpucrMfZdSaBLWSKPCn8QU+rMYf3wd+WEbI5OxIBcg== Completed in 2ms
2017 timing metavuln:load:security-advisory:@expo/prebuild-config:2jYAIb35ghBswhUyllqVX0GbZUWGsoAO9uOncfCV6GAR21VTa7N/qjjvXpViDIJp88I1ExPTXucMGdqJ6/+z6A== Completed in 1ms
2018 timing metavuln:calculate:security-advisory:@expo/prebuild-config:2jYAIb35ghBswhUyllqVX0GbZUWGsoAO9uOncfCV6GAR21VTa7N/qjjvXpViDIJp88I1ExPTXucMGdqJ6/+z6A== Completed in 3ms
2019 timing auditReport:init Completed in 6014ms
2020 timing reify:audit Completed in 7387ms
2021 timing reify Completed in 9537ms
2022 silly ADD node_modules/mute-stream
2023 silly ADD node_modules/is-interactive
2024 silly ADD node_modules/exec-async
2025 silly ADD node_modules/@expo/require-utils
2026 silly ADD node_modules/eastasianwidth
2027 silly ADD node_modules/wrap-ansi-cjs
2028 silly ADD node_modules/strip-ansi-cjs
2029 silly ADD node_modules/string-width-cjs
2030 silly ADD node_modules/@pkgjs/parseargs
2031 silly ADD node_modules/@isaacs/cliui
2032 silly ADD node_modules/@isaacs/cliui/node_modules/ansi-styles
2033 silly ADD node_modules/@isaacs/cliui/node_modules/ansi-regex
2034 silly ADD node_modules/@isaacs/cliui/node_modules/emoji-regex
2035 silly ADD node_modules/@isaacs/cliui/node_modules/wrap-ansi
2036 silly ADD node_modules/@isaacs/cliui/node_modules/strip-ansi
2037 silly ADD node_modules/@isaacs/cliui/node_modules/string-width
2038 silly ADD node_modules/package-json-from-dist
2039 silly ADD node_modules/jackspeak
2040 silly ADD node_modules/foreground-child
2041 silly ADD node_modules/foreground-child/node_modules/signal-exit
2042 silly ADD node_modules/at-least-node
2043 silly ADD node_modules/crypto-random-string
2044 silly ADD node_modules/unique-string
2045 silly ADD node_modules/temp-dir
2046 silly ADD node_modules/yn
2047 silly ADD node_modules/v8-compile-cache-lib
2048 silly ADD node_modules/make-error
2049 silly ADD node_modules/create-require
2050 silly ADD node_modules/acorn-walk
2051 silly ADD node_modules/@tsconfig/node16
2052 silly ADD node_modules/@tsconfig/node14
2053 silly ADD node_modules/@tsconfig/node12
2054 silly ADD node_modules/@tsconfig/node10
2055 silly ADD node_modules/@cspotcode/source-map-support
2056 silly ADD node_modules/@cspotcode/source-map-support/node_modules/@jridgewell/trace-mapping
2057 silly ADD node_modules/astral-regex
2058 silly ADD node_modules/path-type
2059 silly ADD node_modules/dir-glob
2060 silly ADD node_modules/array-union
2061 silly ADD node_modules/redeyed
2062 silly ADD node_modules/ansicolors
2063 silly ADD node_modules/ts-node
2064 silly ADD node_modules/ts-node/node_modules/diff
2065 silly ADD node_modules/ts-node/node_modules/arg
2066 silly ADD node_modules/slice-ansi
2067 silly ADD node_modules/password-prompt
2068 silly ADD node_modules/object-treeify
2069 silly ADD node_modules/natural-orderby
2070 silly ADD node_modules/hyperlinker
2071 silly ADD node_modules/globby
2072 silly ADD node_modules/cardinal
2073 silly ADD node_modules/@types/cli-progress
2074 silly ADD node_modules/is-unicode-supported
2075 silly ADD node_modules/domino
2076 silly ADD node_modules/bare-events
2077 silly ADD node_modules/text-decoder
2078 silly ADD node_modules/events-universal
2079 silly ADD node_modules/streamx
2080 silly ADD node_modules/fast-fifo
2081 silly ADD node_modules/b4a
2082 silly ADD node_modules/queue-microtask
2083 silly ADD node_modules/retry
2084 silly ADD node_modules/err-code
2085 silly ADD node_modules/json-parse-better-errors
2086 silly ADD node_modules/error-ex
2087 silly ADD node_modules/error-ex/node_modules/is-arrayish
2088 silly ADD node_modules/safer-buffer
2089 silly ADD node_modules/asn1
2090 silly ADD node_modules/ncp
2091 silly ADD node_modules/is-buffer
2092 silly ADD node_modules/crypt
2093 silly ADD node_modules/charenc
2094 silly ADD node_modules/@sideway/pinpoint
2095 silly ADD node_modules/@sideway/formula
2096 silly ADD node_modules/@sideway/address
2097 silly ADD node_modules/@hapi/topo
2098 silly ADD node_modules/@hapi/hoek
2099 silly ADD node_modules/node-rsa
2100 silly ADD node_modules/filelist
2101 silly ADD node_modules/filelist/node_modules/minimatch
2102 silly ADD node_modules/async
2103 silly ADD node_modules/is-extglob
2104 silly ADD node_modules/tunnel-agent
2105 silly ADD node_modules/parse-json
2106 silly ADD node_modules/is-stream
2107 silly ADD node_modules/is-retry-allowed
2108 silly ADD node_modules/content-type
2109 silly ADD node_modules/lodash.merge
2110 silly ADD node_modules/is-glob
2111 silly ADD node_modules/dunder-proto
2112 silly ADD node_modules/math-intrinsics
2113 silly ADD node_modules/has-symbols
2114 silly ADD node_modules/gopd
2115 silly ADD node_modules/get-proto
2116 silly ADD node_modules/es-object-atoms
2117 silly ADD node_modules/es-define-property
2118 silly ADD node_modules/call-bind-apply-helpers
2119 silly ADD node_modules/universalify
2120 silly ADD node_modules/jsonfile
2121 silly ADD node_modules/has-tostringtag
2122 silly ADD node_modules/get-intrinsic
2123 silly ADD node_modules/es-errors
2124 silly ADD node_modules/delayed-stream
2125 silly ADD node_modules/es-set-tostringtag
2126 silly ADD node_modules/combined-stream
2127 silly ADD node_modules/asynckit
2128 silly ADD node_modules/reusify
2129 silly ADD node_modules/run-parallel
2130 silly ADD node_modules/fastq
2131 silly ADD node_modules/@nodelib/fs.scandir
2132 silly ADD node_modules/merge2
2133 silly ADD node_modules/glob-parent
2134 silly ADD node_modules/@nodelib/fs.walk
2135 silly ADD node_modules/@nodelib/fs.stat
2136 silly ADD node_modules/jake
2137 silly ADD node_modules/nan
2138 silly ADD node_modules/safe-json-stringify
2139 silly ADD node_modules/mv
2140 silly ADD node_modules/mv/node_modules/brace-expansion
2141 silly ADD node_modules/mv/node_modules/minimatch
2142 silly ADD node_modules/mv/node_modules/glob
2143 silly ADD node_modules/mv/node_modules/rimraf
2144 silly ADD node_modules/mv/node_modules/mkdirp
2145 silly ADD node_modules/moment
2146 silly ADD node_modules/dtrace-provider
2147 silly ADD node_modules/uri-js
2148 silly ADD node_modules/json-schema-traverse
2149 silly ADD node_modules/@sentry/utils
2150 silly ADD node_modules/@sentry/utils/node_modules/@sentry/types
2151 silly ADD node_modules/@sentry-internal/tracing
2152 silly ADD node_modules/@sentry-internal/tracing/node_modules/@sentry/types
2153 silly ADD node_modules/@sentry-internal/tracing/node_modules/@sentry/core
2154 silly ADD node_modules/join-component
2155 silly ADD node_modules/component-type
2156 silly ADD node_modules/wordwrap
2157 silly ADD node_modules/widest-line
2158 silly ADD node_modules/lilconfig
2159 silly ADD node_modules/clean-stack
2160 silly ADD node_modules/ansis
2161 silly ADD node_modules/lodash.get
2162 silly ADD node_modules/lodash.clonedeep
2163 silly ADD node_modules/jsep
2164 silly ADD node_modules/remove-trailing-slash
2165 silly ADD node_modules/md5
2166 silly ADD node_modules/fetch-retry
2167 silly ADD node_modules/@segment/loosely-validate-event
2168 silly ADD node_modules/@expo/bunyan
2169 silly ADD node_modules/@expo/bunyan/node_modules/uuid
2170 silly ADD node_modules/http-call
2171 silly ADD node_modules/ejs
2172 silly ADD node_modules/multipasta
2173 silly ADD node_modules/bunyan
2174 silly ADD node_modules/@types/bunyan
2175 silly ADD node_modules/golden-fleece
2176 silly ADD node_modules/env-string
2177 silly ADD node_modules/zod
2178 silly ADD node_modules/untildify
2179 silly ADD node_modules/turndown
2180 silly ADD node_modules/ts-deepmerge
2181 silly ADD node_modules/tar-stream
2182 silly ADD node_modules/set-interval-async
2183 silly ADD node_modules/promise-retry
2184 silly ADD node_modules/promise-limit
2185 silly ADD node_modules/pkg-dir
2186 silly ADD node_modules/node-stream-zip
2187 silly ADD node_modules/keychain
2188 silly ADD node_modules/joi
2189 silly ADD node_modules/jks-js
2190 silly ADD node_modules/indent-string
2191 silly ADD node_modules/graphql-tag
2192 silly ADD node_modules/graphql
2193 silly ADD node_modules/gradle-to-js
2194 silly ADD node_modules/fs-extra
2195 silly ADD node_modules/form-data
2196 silly ADD node_modules/figures
2197 silly ADD node_modules/figures/node_modules/escape-string-regexp
2198 silly ADD node_modules/fast-glob
2199 silly ADD node_modules/envinfo
2200 silly ADD node_modules/env-paths
2201 silly ADD node_modules/diff
2202 silly ADD node_modules/dateformat
2203 silly ADD node_modules/cli-progress
2204 silly ADD node_modules/ajv-formats
2205 silly ADD node_modules/@sentry/node
2206 silly ADD node_modules/@sentry/node/node_modules/agent-base
2207 silly ADD node_modules/@sentry/node/node_modules/https-proxy-agent
2208 silly ADD node_modules/@sentry/node/node_modules/@sentry/types
2209 silly ADD node_modules/@sentry/node/node_modules/@sentry/core
2210 silly ADD node_modules/ajv
2211 silly ADD node_modules/@segment/ajv-human-errors
2212 silly ADD node_modules/@oclif/plugin-autocomplete
2213 silly ADD node_modules/@oclif/core
2214 silly ADD node_modules/@oclif/core/node_modules/balanced-match
2215 silly ADD node_modules/@oclif/core/node_modules/brace-expansion
2216 silly ADD node_modules/@oclif/core/node_modules/supports-color
2217 silly ADD node_modules/@oclif/core/node_modules/minimatch
2218 silly ADD node_modules/@expo/timeago.js
2219 silly ADD node_modules/@expo/steps
2220 silly ADD node_modules/@expo/steps/node_modules/uuid
2221 silly ADD node_modules/@expo/steps/node_modules/joi
2222 silly ADD node_modules/@expo/rudder-sdk-node
2223 silly ADD node_modules/@expo/rudder-sdk-node/node_modules/uuid
2224 silly ADD node_modules/@expo/results
2225 silly ADD node_modules/@expo/prebuild-config
2226 silly ADD node_modules/@expo/prebuild-config/node_modules/write-file-atomic
2227 silly ADD node_modules/@expo/prebuild-config/node_modules/commander
2228 silly ADD node_modules/@expo/prebuild-config/node_modules/lru-cache
2229 silly ADD node_modules/@expo/prebuild-config/node_modules/path-scurry
2230 silly ADD node_modules/@expo/prebuild-config/node_modules/xmlbuilder
2231 silly ADD node_modules/@expo/prebuild-config/node_modules/@xmldom/xmldom
2232 silly ADD node_modules/@expo/prebuild-config/node_modules/@expo/plist
2233 silly ADD node_modules/@expo/prebuild-config/node_modules/sucrase
2234 silly ADD node_modules/@expo/prebuild-config/node_modules/glob
2235 silly ADD node_modules/@expo/prebuild-config/node_modules/getenv
2236 silly ADD node_modules/@expo/prebuild-config/node_modules/@babel/code-frame
2237 silly ADD node_modules/@expo/prebuild-config/node_modules/fs-extra
2238 silly ADD node_modules/@expo/prebuild-config/node_modules/@react-native/normalize-colors
2239 silly ADD node_modules/@expo/prebuild-config/node_modules/@expo/json-file
2240 silly ADD node_modules/@expo/prebuild-config/node_modules/@expo/image-utils
2241 silly ADD node_modules/@expo/prebuild-config/node_modules/@expo/image-utils/node_modules/universalify
2242 silly ADD node_modules/@expo/prebuild-config/node_modules/@expo/image-utils/node_modules/fs-extra
2243 silly ADD node_modules/@expo/prebuild-config/node_modules/@expo/config-types
2244 silly ADD node_modules/@expo/prebuild-config/node_modules/@expo/config-plugins
2245 silly ADD node_modules/@expo/prebuild-config/node_modules/@expo/config-plugins/node_modules/@expo/json-file
2246 silly ADD node_modules/@expo/prebuild-config/node_modules/@expo/config
2247 silly ADD node_modules/@expo/plugin-warn-if-update-available
2248 silly ADD node_modules/@expo/plugin-warn-if-update-available/node_modules/supports-color
2249 silly ADD node_modules/@expo/plugin-warn-if-update-available/node_modules/fs-extra
2250 silly ADD node_modules/@expo/plugin-warn-if-update-available/node_modules/@oclif/core
2251 silly ADD node_modules/@expo/plugin-help
2252 silly ADD node_modules/@expo/plugin-help/node_modules/supports-color
2253 silly ADD node_modules/@expo/plugin-help/node_modules/@oclif/core
2254 silly ADD node_modules/@expo/pkcs12
2255 silly ADD node_modules/@expo/multipart-body-parser
2256 silly ADD node_modules/@expo/logger
2257 silly ADD node_modules/@expo/eas-json
2258 silly ADD node_modules/@expo/eas-json/node_modules/has-flag
2259 silly ADD node_modules/@expo/eas-json/node_modules/color-name
2260 silly ADD node_modules/@expo/eas-json/node_modules/color-convert
2261 silly ADD node_modules/@expo/eas-json/node_modules/supports-color
2262 silly ADD node_modules/@expo/eas-json/node_modules/escape-string-regexp
2263 silly ADD node_modules/@expo/eas-json/node_modules/ansi-styles
2264 silly ADD node_modules/@expo/eas-json/node_modules/yallist
2265 silly ADD node_modules/@expo/eas-json/node_modules/lru-cache
2266 silly ADD node_modules/@expo/eas-json/node_modules/tslib
2267 silly ADD node_modules/@expo/eas-json/node_modules/semver
2268 silly ADD node_modules/@expo/eas-json/node_modules/log-symbols
2269 silly ADD node_modules/@expo/eas-json/node_modules/@babel/code-frame
2270 silly ADD node_modules/@expo/eas-json/node_modules/@babel/code-frame/node_modules/chalk
2271 silly ADD node_modules/@expo/eas-build-job
2272 silly ADD node_modules/@expo/eas-build-job/node_modules/joi
2273 silly ADD node_modules/@expo/apple-utils
2274 silly ADD node_modules/eas-cli
2275 silly ADD node_modules/eas-cli/node_modules/has-flag
2276 silly ADD node_modules/eas-cli/node_modules/color-name
2277 silly ADD node_modules/eas-cli/node_modules/color-convert
2278 silly ADD node_modules/eas-cli/node_modules/supports-color
2279 silly ADD node_modules/eas-cli/node_modules/escape-string-regexp
2280 silly ADD node_modules/eas-cli/node_modules/ansi-styles
2281 silly ADD node_modules/eas-cli/node_modules/path-scurry
2282 silly ADD node_modules/eas-cli/node_modules/path-scurry/node_modules/lru-cache
2283 silly ADD node_modules/eas-cli/node_modules/mimic-fn
2284 silly ADD node_modules/eas-cli/node_modules/onetime
2285 silly ADD node_modules/eas-cli/node_modules/restore-cursor
2286 silly ADD node_modules/eas-cli/node_modules/ansi-regex
2287 silly ADD node_modules/eas-cli/node_modules/yallist
2288 silly ADD node_modules/eas-cli/node_modules/lru-cache
2289 silly ADD node_modules/eas-cli/node_modules/rimraf
2290 silly ADD node_modules/eas-cli/node_modules/rimraf/node_modules/minimatch
2291 silly ADD node_modules/eas-cli/node_modules/rimraf/node_modules/glob
2292 silly ADD node_modules/eas-cli/node_modules/agent-base
2293 silly ADD node_modules/eas-cli/node_modules/write-file-atomic
2294 silly ADD node_modules/eas-cli/node_modules/@expo/config-types
2295 silly ADD node_modules/eas-cli/node_modules/yaml
2296 silly ADD node_modules/eas-cli/node_modules/uuid
2297 silly ADD node_modules/eas-cli/node_modules/tslib
2298 silly ADD node_modules/eas-cli/node_modules/tar
2299 silly ADD node_modules/eas-cli/node_modules/tar/node_modules/yallist
2300 silly ADD node_modules/eas-cli/node_modules/tar/node_modules/minizlib
2301 silly ADD node_modules/eas-cli/node_modules/semver
2302 silly ADD node_modules/eas-cli/node_modules/qrcode-terminal
2303 silly ADD node_modules/eas-cli/node_modules/pngjs
2304 silly ADD node_modules/eas-cli/node_modules/ora
2305 silly ADD node_modules/eas-cli/node_modules/ora/node_modules/cli-cursor
2306 silly ADD node_modules/eas-cli/node_modules/node-forge
2307 silly ADD node_modules/eas-cli/node_modules/node-fetch
2308 silly ADD node_modules/eas-cli/node_modules/nanoid
2309 silly ADD node_modules/eas-cli/node_modules/minizlib
2310 silly ADD node_modules/eas-cli/node_modules/minimatch
2311 silly ADD node_modules/eas-cli/node_modules/mime
2312 silly ADD node_modules/eas-cli/node_modules/log-symbols
2313 silly ADD node_modules/eas-cli/node_modules/ignore
2314 silly ADD node_modules/eas-cli/node_modules/https-proxy-agent
2315 silly ADD node_modules/eas-cli/node_modules/getenv
2316 silly ADD node_modules/eas-cli/node_modules/dotenv
2317 silly ADD node_modules/eas-cli/node_modules/@urql/exchange-retry
2318 silly ADD node_modules/eas-cli/node_modules/@urql/core
2319 silly ADD node_modules/eas-cli/node_modules/@expo/plist
2320 silly ADD node_modules/eas-cli/node_modules/@expo/plist/node_modules/xmlbuilder
2321 silly ADD node_modules/eas-cli/node_modules/@expo/plist/node_modules/@xmldom/xmldom
2322 silly ADD node_modules/eas-cli/node_modules/@expo/package-manager
2323 silly ADD node_modules/eas-cli/node_modules/@expo/package-manager/node_modules/strip-ansi
2324 silly ADD node_modules/eas-cli/node_modules/@expo/package-manager/node_modules/log-symbols
2325 silly ADD node_modules/eas-cli/node_modules/@expo/package-manager/node_modules/log-symbols/node_modules/chalk
2326 silly ADD node_modules/eas-cli/node_modules/@expo/package-manager/node_modules/ora
2327 silly ADD node_modules/eas-cli/node_modules/@expo/package-manager/node_modules/ora/node_modules/chalk
2328 silly ADD node_modules/eas-cli/node_modules/@expo/package-manager/node_modules/@expo/json-file
2329 silly ADD node_modules/eas-cli/node_modules/@expo/osascript
2330 silly ADD node_modules/eas-cli/node_modules/@expo/json-file
2331 silly ADD node_modules/eas-cli/node_modules/@expo/json-file/node_modules/@babel/code-frame
2332 silly ADD node_modules/eas-cli/node_modules/@expo/env
2333 silly ADD node_modules/eas-cli/node_modules/@expo/env/node_modules/getenv
2334 silly ADD node_modules/eas-cli/node_modules/@expo/env/node_modules/dotenv
2335 silly ADD node_modules/eas-cli/node_modules/@expo/config-plugins
2336 silly ADD node_modules/eas-cli/node_modules/@expo/config-plugins/node_modules/getenv
2337 silly ADD node_modules/eas-cli/node_modules/@expo/config-plugins/node_modules/@expo/plist
2338 silly ADD node_modules/eas-cli/node_modules/@expo/config-plugins/node_modules/@expo/json-file
2339 silly ADD node_modules/eas-cli/node_modules/@expo/config
2340 silly ADD node_modules/eas-cli/node_modules/@expo/config/node_modules/semver
2341 silly ADD node_modules/eas-cli/node_modules/@expo/config/node_modules/getenv
2342 silly ADD node_modules/eas-cli/node_modules/@expo/config/node_modules/@expo/json-file
2343 silly ADD node_modules/eas-cli/node_modules/@expo/code-signing-certificates
2344 silly ADD
2345 silly ADD
2346 silly ADD
2347 silly ADD
2348 silly ADD
2349 silly ADD
2350 silly ADD
2351 silly ADD
2352 silly ADD
2353 silly ADD
2354 silly ADD
2355 silly ADD
2356 silly ADD
2357 silly ADD
2358 silly ADD
2359 silly ADD
2360 silly ADD
2361 silly ADD
2362 silly CHANGE node_modules/semver
2363 timing command:install Completed in 9589ms
2364 verbose exit 0
2365 timing npm Completed in 9644ms
2366 info ok
